opportunity_id,account_id,lead_date,qualified_date,proposal_date,closed_date,current_stage,outcome,deal_size_band,deal_value_usd,lead_source,owner_team,lost_reason
1,47,2025-06-12,2025-06-18,2025-07-16,2025-08-21,Lost,Lost,Medium,37526.0,Event,"EMEA Sales",Budget
2,64,2026-02-19,2026-02-23,2026-03-23,2026-04-28,Won,Won,Small,14406.0,Outbound,"NA Sales",
3,81,2025-07-06,2025-07-16,2025-08-05,2025-08-28,Won,Won,Small,15144.0,Outbound,"LATAM Sales",
4,98,2026-03-15,2026-03-23,,,Qualified,Open,Medium,40874.0,Partner,"EMEA Sales",
5,115,2025-07-30,2025-08-04,2025-09-07,,Proposal,Open,Medium,41990.0,Partner,"NA Sales",
6,132,2026-04-08,2026-04-13,2026-05-03,2026-05-26,Lost,Lost,Medium,43106.0,Outbound,"NA Sales",Competitor
7,149,2025-08-23,,,,Lead,Open,Small,18096.0,Inbound,"APAC Sales",
8,166,2025-01-07,2025-01-09,2025-02-08,2025-03-07,Won,Won,Small,18834.0,Partner,"EMEA Sales",
9,183,2025-09-16,2025-10-01,2025-10-07,2025-12-04,Lost,Lost,Medium,46454.0,Inbound,"NA Sales",Budget
10,200,2025-01-31,2025-02-06,2025-02-20,2025-03-28,Won,Won,Small,20310.0,Outbound,"APAC Sales",
11,217,2025-10-10,2025-10-15,2025-10-29,2025-12-04,Lost,Lost,Medium,48686.0,Partner,"EMEA Sales",Budget
12,234,2025-02-24,2025-03-11,,,Qualified,Open,Large,112866.0,Partner,"NA Sales",
13,11,2025-03-08,2025-03-11,,,Qualified,Open,Small,15084.0,Outbound,"APAC Sales",
14,28,2025-11-15,2025-11-25,2025-12-23,2026-01-28,Lost,Lost,Medium,40754.0,Inbound,"EMEA Sales",Competitor
15,45,2025-04-01,2025-04-15,2025-04-29,2025-06-04,Won,Won,Small,16560.0,Event,"NA Sales",
16,62,2025-12-09,2025-12-18,,,Qualified,Open,Large,102738.0,Outbound,"LATAM Sales",
17,79,2025-04-25,,,,Lead,Open,Large,104466.0,Partner,"APAC Sales",
18,96,2026-01-02,2026-01-15,,,Qualified,Open,Small,18774.0,Event,"EMEA Sales",
19,113,2025-05-19,2025-05-24,2025-06-15,2025-08-03,Lost,Lost,Medium,46334.0,Event,"NA Sales",Budget
20,130,2026-01-26,,,,Lead,Open,Small,20250.0,Event,"APAC Sales",
21,147,2025-06-12,,,,Lead,Open,Large,111378.0,Partner,"EMEA Sales",
22,164,2026-02-19,,,,Lead,Open,Small,21726.0,Inbound,"NA Sales",
23,181,2025-07-06,2025-07-21,2025-07-27,2025-09-23,Won,Won,Small,22464.0,Event,"LATAM Sales",
24,198,2026-03-15,,,,Lead,Open,Medium,51914.0,Inbound,"EMEA Sales",
25,215,2025-07-30,,,,Lead,Open,Medium,53030.0,Outbound,"NA Sales",
26,232,2026-04-08,,,,Lead,Open,Medium,54146.0,Outbound,"NA Sales",
27,9,2026-04-20,2026-04-29,2026-05-13,2026-06-18,Lost,Lost,Small,17976.0,Outbound,"EMEA Sales",Budget
28,26,2025-09-04,2025-09-06,2025-09-28,2025-11-16,Lost,Lost,Medium,45098.0,Inbound,"NA Sales",Competitor
29,43,2025-01-19,2025-01-22,2025-02-13,2025-04-03,Lost,Lost,Large,108162.0,Event,"LATAM Sales",Budget
30,60,2025-09-28,2025-10-13,2025-10-27,2025-12-02,Won,Won,Medium,47330.0,Outbound,"APAC Sales",
31,77,2025-02-12,,,,Lead,Open,Medium,48446.0,Event,"EMEA Sales",
32,94,2025-10-22,2025-10-24,2025-11-13,2025-12-06,Won,Won,Medium,49562.0,Inbound,"NA Sales",
33,111,2025-03-08,2025-03-16,2025-04-13,2025-05-19,Won,Won,Small,22404.0,Inbound,"APAC Sales",
34,128,2025-11-15,2025-11-23,2025-12-13,2026-01-05,Lost,Lost,Large,116802.0,Inbound,"EMEA Sales",Competitor
35,145,2025-04-01,2025-04-15,,,Qualified,Open,Medium,52910.0,Inbound,"NA Sales",
36,162,2025-12-09,,,,Lead,Open,Medium,54026.0,Event,"LATAM Sales",
37,179,2025-04-25,,,,Lead,Open,Small,25356.0,Outbound,"APAC Sales",
38,196,2026-01-02,2026-01-17,,,Qualified,Open,Large,123714.0,Event,"EMEA Sales",
39,213,2025-05-19,2025-05-30,2025-06-19,2025-07-12,Lost,Lost,Small,26832.0,Inbound,"NA Sales",Budget
40,230,2026-01-26,2026-01-28,2026-02-19,2026-04-09,Lost,Lost,Small,27570.0,Outbound,"APAC Sales",Competitor
41,7,2026-02-07,2026-02-22,2026-03-14,2026-04-06,Won,Won,Medium,48326.0,Outbound,"NA Sales",
42,24,2025-06-24,,,,Lead,Open,Small,21606.0,Inbound,"NA Sales",
43,41,2026-03-03,2026-03-12,2026-03-24,2026-05-08,Won,Won,Large,115314.0,Inbound,"APAC Sales",
44,58,2025-07-18,2025-07-20,2025-08-11,2025-09-29,Won,Won,Medium,51674.0,Partner,"EMEA Sales",
45,75,2026-03-27,2026-04-04,2026-04-16,2026-05-31,Lost,Lost,Medium,52790.0,Inbound,"NA Sales",Budget
46,92,2025-08-11,2025-08-14,2025-09-03,2025-09-26,Won,Won,Medium,53906.0,Outbound,"APAC Sales",
47,109,2026-04-20,2026-04-26,,,Qualified,Open,Small,25296.0,Partner,"EMEA Sales",
48,126,2025-09-04,,,,Lead,Open,Medium,56138.0,Partner,"NA Sales",
49,143,2025-01-19,2025-01-31,,,Qualified,Open,Medium,57254.0,Partner,"LATAM Sales",
50,160,2025-09-28,2025-10-10,2025-10-18,2025-12-06,Lost,Lost,Medium,58370.0,Outbound,"APAC Sales",Competitor
51,177,2025-02-12,,,,Lead,Open,Large,129138.0,Inbound,"EMEA Sales",
52,194,2025-10-22,,,,Lead,Open,Medium,60602.0,Partner,"NA Sales",
53,211,2025-03-08,,,,Lead,Open,Small,29724.0,Inbound,"APAC Sales",
54,228,2025-11-15,2025-11-21,2025-12-13,2026-01-31,Lost,Lost,Small,12462.0,Outbound,"EMEA Sales",Competitor
55,5,2025-11-27,2025-12-03,,,Qualified,Open,Medium,52670.0,Outbound,"NA Sales",
56,22,2025-04-13,2025-04-23,,,Qualified,Open,Small,24498.0,Outbound,"APAC Sales",
57,39,2025-12-21,2026-01-01,,,Qualified,Open,Medium,54902.0,Inbound,"EMEA Sales",
58,56,2025-05-07,2025-05-13,2025-05-25,2025-07-09,Won,Won,Medium,56018.0,Event,"NA Sales",
59,73,2026-01-14,2026-01-21,2026-02-18,2026-03-26,Won,Won,Medium,57134.0,Outbound,"APAC Sales",
60,90,2025-05-31,2025-06-02,,,Qualified,Open,Medium,58250.0,Event,"EMEA Sales",
61,107,2026-02-07,2026-02-12,2026-03-04,2026-03-27,Won,Won,Small,28188.0,Inbound,"NA Sales",
62,124,2025-06-24,2025-07-08,2025-07-24,2025-08-20,Lost,Lost,Medium,60482.0,Inbound,"NA Sales",Competitor
63,141,2026-03-03,2026-03-11,2026-03-31,2026-04-23,Lost,Lost,Medium,61598.0,Outbound,"APAC Sales",Budget
64,158,2025-07-18,2025-07-23,2025-08-20,2025-09-25,Lost,Lost,Large,134562.0,Inbound,"EMEA Sales",Competitor
65,175,2026-03-27,2026-04-09,2026-04-15,2026-06-12,Lost,Lost,Large,136290.0,Event,"NA Sales",Budget
66,192,2025-08-11,2025-08-26,,,Qualified,Open,Medium,64946.0,Outbound,"APAC Sales",
67,209,2026-04-20,2026-04-29,2026-05-13,2026-06-18,Lost,Lost,Small,14616.0,Inbound,"EMEA Sales",Budget
68,226,2025-09-04,2025-09-15,2025-09-23,2025-11-11,Lost,Lost,Large,141474.0,Outbound,"NA Sales",Competitor
69,3,2025-09-16,2025-09-24,2025-10-10,2025-11-06,Lost,Lost,Large,126162.0,Outbound,"APAC Sales",Budget
70,20,2025-01-31,2025-02-12,2025-02-20,2025-04-10,Lost,Lost,Small,27390.0,Outbound,"EMEA Sales",Competitor
71,37,2025-10-10,2025-10-23,2025-10-29,2025-12-26,Won,Won,Large,129618.0,Outbound,"NA Sales",
72,54,2025-02-24,2025-02-27,2025-03-21,,Proposal,Open,Medium,60362.0,Inbound,"LATAM Sales",
73,71,2025-11-03,2025-11-07,2025-12-07,2026-01-03,Lost,Lost,Medium,61478.0,Event,"EMEA Sales",Budget
74,88,2025-03-20,2025-04-02,2025-04-10,2025-05-29,Won,Won,Medium,62594.0,Outbound,"NA Sales",
75,105,2025-11-27,,,,Lead,Open,Large,136530.0,Partner,"NA Sales",
76,122,2025-04-13,2025-04-24,,,Qualified,Open,Medium,64826.0,Event,"APAC Sales",
77,139,2025-12-21,2025-12-23,2026-01-26,2026-02-18,Won,Won,Medium,65942.0,Inbound,"EMEA Sales",
78,156,2025-05-07,,,,Lead,Open,Medium,67058.0,Event,"NA Sales",
79,173,2026-01-14,2026-01-19,2026-02-04,,Proposal,Open,Medium,68174.0,Partner,"APAC Sales",
80,190,2025-05-31,2025-06-04,2025-06-18,2025-07-24,Lost,Lost,Medium,69290.0,Outbound,"EMEA Sales",Competitor
81,207,2026-02-07,2026-02-19,,,Qualified,Open,Small,17508.0,Inbound,"NA Sales",
82,224,2025-06-24,2025-06-26,2025-07-22,2025-09-05,Lost,Lost,Small,18246.0,Outbound,"NA Sales",Competitor
83,1,2025-07-06,2025-07-16,2025-07-28,2025-09-11,Lost,Lost,Medium,61358.0,Outbound,"EMEA Sales",Budget
84,18,2026-03-15,,,,Lead,Open,Small,12282.0,Partner,"NA Sales",
85,35,2025-07-30,2025-08-09,2025-08-29,2025-09-21,Lost,Lost,Medium,63590.0,Partner,"LATAM Sales",Budget
86,52,2026-04-08,,,,Lead,Open,Medium,64706.0,Outbound,"EMEA Sales",
87,69,2025-08-23,2025-09-07,2025-09-21,2025-10-27,Won,Won,Medium,65822.0,Inbound,"EMEA Sales",
88,86,2025-01-07,,,,Lead,Open,Medium,66938.0,Event,"NA Sales",
89,103,2025-09-16,2025-09-24,2025-10-24,2025-11-20,Lost,Lost,Small,15972.0,Inbound,"APAC Sales",Budget
90,120,2025-01-31,,,,Lead,Open,Large,145410.0,Outbound,"EMEA Sales",
91,137,2025-10-10,2025-10-18,2025-11-07,2025-11-30,Lost,Lost,Medium,70286.0,Partner,"NA Sales",Budget
92,154,2025-02-24,,,,Lead,Open,Medium,71402.0,Partner,"LATAM Sales",
93,171,2025-11-03,2025-11-11,2025-12-11,2026-01-07,Lost,Lost,Large,150594.0,Partner,"EMEA Sales",Budget
94,188,2025-03-20,,,,Lead,Open,Medium,73634.0,Outbound,"NA Sales",
95,205,2025-11-27,,,,Lead,Open,Small,20400.0,Inbound,"NA Sales",
96,222,2025-04-13,2025-04-27,,,Qualified,Open,Small,21138.0,Outbound,"APAC Sales",
97,239,2025-12-21,2025-12-31,2026-01-20,2026-02-12,Won,Won,Small,21876.0,Event,"EMEA Sales",
98,16,2026-01-02,2026-01-12,2026-01-28,2026-02-24,Lost,Lost,Small,15174.0,Inbound,"LATAM Sales",Competitor
99,33,2025-05-19,2025-05-27,2025-06-16,2025-07-09,Won,Won,Medium,67934.0,Inbound,"APAC Sales",
100,50,2026-01-26,2026-02-07,2026-02-13,2026-04-12,Won,Won,Medium,69050.0,Inbound,"EMEA Sales",
101,67,2025-06-12,2025-06-22,2025-07-12,2025-08-04,Lost,Lost,Medium,70166.0,Partner,"NA Sales",Budget
102,84,2026-02-19,,,,Lead,Open,Medium,71282.0,Outbound,"APAC Sales",
103,101,2025-07-06,,,,Lead,Open,Small,18864.0,Event,"EMEA Sales",
104,118,2026-03-15,2026-03-24,,,Qualified,Open,Medium,73514.0,Outbound,"NA Sales",
105,135,2025-07-30,2025-08-11,2025-08-25,2025-09-30,Won,Won,Medium,74630.0,Outbound,"LATAM Sales",
106,152,2026-04-08,2026-04-17,2026-05-07,2026-05-30,Won,Won,Medium,75746.0,Partner,"EMEA Sales",
107,169,2025-08-23,2025-09-01,2025-10-01,2025-10-28,Won,Won,Small,21816.0,Partner,"EMEA Sales",
108,186,2025-01-07,2025-01-15,2025-01-27,2025-03-13,Won,Won,Medium,77978.0,Outbound,"NA Sales",
109,203,2025-09-16,2025-09-29,2025-10-19,2025-11-11,Won,Won,Small,23292.0,Inbound,"APAC Sales",
110,220,2025-01-31,2025-02-15,,,Qualified,Open,Small,24030.0,Partner,"EMEA Sales",
111,237,2025-10-10,2025-10-16,,,Qualified,Open,Medium,36326.0,Inbound,"NA Sales",
112,14,2025-10-22,2025-10-30,2025-11-19,2025-12-12,Lost,Lost,Small,18066.0,Outbound,"APAC Sales",Competitor
113,31,2025-03-08,2025-03-12,2025-04-09,,Proposal,Open,Medium,72278.0,Outbound,"EMEA Sales",
114,48,2025-11-15,2025-11-20,,,Qualified,Open,Large,152802.0,Outbound,"NA Sales",
115,65,2025-04-01,2025-04-04,2025-05-08,2025-05-31,Lost,Lost,Large,154530.0,Outbound,"APAC Sales",Budget
116,82,2025-12-09,2025-12-16,2026-01-07,2026-02-25,Lost,Lost,Large,156258.0,Inbound,"EMEA Sales",Competitor
117,99,2025-04-25,2025-04-30,2025-05-16,2025-06-12,Lost,Lost,Medium,76742.0,Partner,"NA Sales",Budget
118,116,2026-01-02,2026-01-15,,,Qualified,Open,Small,22494.0,Inbound,"LATAM Sales",
119,133,2025-05-19,2025-06-02,,,Qualified,Open,Medium,78974.0,Outbound,"APAC Sales",
120,150,2026-01-26,2026-02-03,2026-02-17,,Proposal,Open,Large,163170.0,Partner,"EMEA Sales",
121,167,2025-06-12,2025-06-23,,,Qualified,Open,Small,24708.0,Partner,"NA Sales",
122,184,2026-02-19,2026-02-26,,,Qualified,Open,Medium,37322.0,Outbound,"APAC Sales",
123,201,2025-07-06,2025-07-18,2025-07-30,2025-09-13,Lost,Lost,Medium,38438.0,Outbound,"EMEA Sales",Budget
124,218,2026-03-15,2026-03-24,2026-04-23,2026-05-20,Lost,Lost,Medium,39554.0,Inbound,"NA Sales",Competitor
125,235,2025-07-30,2025-08-01,2025-08-21,2025-09-13,Lost,Lost,Medium,40670.0,Outbound,"LATAM Sales",Budget
126,12,2025-08-11,2025-08-13,2025-09-04,2025-10-23,Lost,Lost,Medium,75506.0,Partner,"EMEA Sales",Competitor
127,29,2026-04-20,2026-04-29,2026-05-29,2026-06-25,Won,Won,Small,21696.0,Inbound,"NA Sales",
128,46,2025-09-04,2025-09-17,,,Qualified,Open,Large,159954.0,Inbound,"APAC Sales",
129,63,2025-01-19,,,,Lead,Open,Large,161682.0,Inbound,"EMEA Sales",
130,80,2025-09-28,2025-10-10,2025-11-01,2025-11-15,Lost,Lost,Small,23910.0,Event,"NA Sales",Competitor
131,97,2025-02-12,,,,Lead,Open,Medium,36086.0,Outbound,"LATAM Sales",
132,114,2025-10-22,2025-10-24,2025-11-15,2026-01-03,Won,Won,Small,25386.0,Inbound,"APAC Sales",
133,131,2025-03-08,2025-03-10,,,Qualified,Open,Small,26124.0,Outbound,"EMEA Sales",
134,148,2025-11-15,2025-11-23,,,Qualified,Open,Small,26862.0,Partner,"NA Sales",
135,165,2025-04-01,2025-04-11,2025-05-01,2025-05-24,Lost,Lost,Medium,40550.0,Partner,"APAC Sales",Budget
136,182,2025-12-09,,,,Lead,Open,Small,28338.0,Partner,"EMEA Sales",
137,199,2025-04-25,2025-05-04,2025-05-16,2025-06-30,Won,Won,Medium,42782.0,Partner,"NA Sales",
138,216,2026-01-02,2026-01-08,2026-01-30,2026-03-20,Won,Won,Medium,43898.0,Outbound,"LATAM Sales",
139,233,2025-05-19,,,,Lead,Open,Large,178962.0,Event,"APAC Sales",
140,10,2025-05-31,2025-06-10,2025-07-08,2025-08-13,Lost,Lost,Large,163650.0,Inbound,"NA Sales",Competitor
141,27,2026-02-07,2026-02-10,2026-03-02,2026-03-25,Lost,Lost,Medium,35966.0,Outbound,"APAC Sales",Budget
142,44,2025-06-24,2025-06-26,2025-07-12,2025-08-08,Won,Won,Small,25326.0,Partner,"EMEA Sales",
143,61,2026-03-03,,,,Lead,Open,Small,26064.0,Partner,"NA Sales",
144,78,2025-07-18,2025-08-02,2025-08-10,2025-09-28,Lost,Lost,Medium,39314.0,Partner,"NA Sales",Competitor
145,95,2026-03-27,2026-04-06,2026-04-14,,Proposal,Open,Large,172290.0,Outbound,"APAC Sales",
146,112,2025-08-11,2025-08-13,2025-09-18,2025-10-02,Won,Won,Medium,41546.0,Inbound,"EMEA Sales",
147,129,2026-04-20,2026-04-22,2026-05-26,2026-06-18,Won,Won,Medium,42662.0,Outbound,"NA Sales",
148,146,2025-09-04,2025-09-12,2025-09-26,,Proposal,Open,Medium,43778.0,Partner,"APAC Sales",
149,163,2025-01-19,2025-01-27,,,Qualified,Open,Medium,44894.0,Inbound,"EMEA Sales",
150,180,2025-09-28,2025-09-30,2025-11-05,,Proposal,Open,Medium,46010.0,Inbound,"NA Sales",
151,197,2025-02-12,2025-02-16,2025-03-08,2025-03-31,Won,Won,Small,13968.0,Event,"LATAM Sales",
152,214,2025-10-22,2025-11-03,2025-11-11,2025-12-30,Won,Won,Small,14706.0,Partner,"APAC Sales",
153,231,2025-03-08,2025-03-11,,,Qualified,Open,Small,15444.0,Outbound,"EMEA Sales",
154,8,2025-03-20,2025-03-22,2025-04-25,2025-05-18,Won,Won,Small,26742.0,Event,"LATAM Sales",
155,25,2025-11-27,,,,Lead,Open,Medium,40310.0,Inbound,"EMEA Sales",
156,42,2025-04-13,2025-04-21,2025-05-05,2025-06-10,Lost,Lost,Medium,41426.0,Outbound,"NA Sales",Competitor
157,59,2025-12-21,2026-01-05,2026-01-21,2026-02-17,Won,Won,Medium,42542.0,Outbound,"NA Sales",
158,76,2025-05-07,2025-05-09,2025-05-25,2025-06-21,Won,Won,Medium,43658.0,Outbound,"APAC Sales",
159,93,2026-01-14,2026-01-25,,,Qualified,Open,Small,12432.0,Inbound,"EMEA Sales",
160,110,2025-05-31,,,,Lead,Open,Large,181170.0,Inbound,"NA Sales",
161,127,2026-02-07,2026-02-21,2026-03-05,2026-04-19,Lost,Lost,Large,182898.0,Outbound,"APAC Sales",Budget
162,144,2025-06-24,,,,Lead,Open,Large,184626.0,Event,"EMEA Sales",
163,161,2026-03-03,2026-03-06,2026-03-26,2026-04-18,Lost,Lost,Small,15384.0,Inbound,"NA Sales",Budget
164,178,2025-07-18,2025-07-29,,,Qualified,Open,Medium,50354.0,Outbound,"NA Sales",
165,195,2026-03-27,2026-04-07,,,Qualified,Open,Medium,51470.0,Outbound,"APAC Sales",
166,212,2025-08-11,2025-08-16,2025-09-01,2025-09-28,Won,Won,Medium,52586.0,Inbound,"EMEA Sales",
167,229,2026-04-20,,,,Lead,Open,Medium,53702.0,Event,"NA Sales",
168,6,2025-01-07,,,,Lead,Open,Large,177954.0,Outbound,"APAC Sales",
169,23,2025-09-16,,,,Lead,Open,Small,12372.0,Event,"EMEA Sales",
170,40,2025-01-31,2025-02-09,,,Qualified,Open,Small,13110.0,Inbound,"NA Sales",
171,57,2025-10-10,2025-10-12,2025-11-09,2025-12-15,Lost,Lost,Small,13848.0,Outbound,"APAC Sales",Budget
172,74,2025-02-24,2025-03-10,2025-03-24,2025-04-29,Won,Won,Small,14586.0,Outbound,"EMEA Sales",
173,91,2025-11-03,2025-11-12,2025-12-02,2025-12-25,Won,Won,Medium,49118.0,Inbound,"NA Sales",
174,108,2025-03-20,2025-03-30,2025-04-07,2025-05-26,Won,Won,Medium,50234.0,Inbound,"LATAM Sales",
175,125,2025-11-27,2025-12-04,2025-12-16,2026-01-30,Won,Won,Medium,51350.0,Partner,"EMEA Sales",
176,142,2025-04-13,2025-04-26,,,Qualified,Open,Medium,52466.0,Inbound,"NA Sales",
177,159,2025-12-21,2025-12-31,2026-01-12,2026-02-26,Won,Won,Medium,53582.0,Outbound,"NA Sales",
178,176,2025-05-07,2025-05-09,2025-05-31,2025-07-19,Lost,Lost,Small,19014.0,Partner,"APAC Sales",Competitor
179,193,2026-01-14,2026-01-29,,,Qualified,Open,Small,19752.0,Event,"EMEA Sales",
180,210,2025-05-31,,,,Lead,Open,Small,20490.0,Partner,"NA Sales",
181,227,2026-02-07,2026-02-18,,,Qualified,Open,Small,21228.0,Outbound,"APAC Sales",
182,4,2026-02-19,2026-02-27,2026-03-19,2026-04-11,Won,Won,Small,14526.0,Inbound,"EMEA Sales",
183,21,2025-07-06,2025-07-16,2025-07-24,2025-09-11,Lost,Lost,Medium,48998.0,Partner,"NA Sales",Budget
184,38,2026-03-15,2026-03-23,,,Qualified,Open,Medium,50114.0,Inbound,"APAC Sales",
185,55,2025-07-30,2025-08-14,2025-09-03,2025-09-26,Won,Won,Medium,51230.0,Inbound,"EMEA Sales",
186,72,2026-04-08,2026-04-21,2026-05-03,,Proposal,Open,Large,192018.0,Outbound,"NA Sales",
187,89,2025-08-23,2025-08-29,2025-09-20,2025-11-08,Lost,Lost,Small,18216.0,Outbound,"LATAM Sales",Budget
188,106,2025-01-07,2025-01-13,2025-01-25,2025-03-11,Lost,Lost,Large,195474.0,Inbound,"APAC Sales",Competitor
189,123,2025-09-16,2025-10-01,2025-10-07,2025-12-04,Won,Won,Large,197202.0,Event,"EMEA Sales",
190,140,2025-01-31,,,,Lead,Open,Large,198930.0,Outbound,"NA Sales",
191,157,2025-10-10,2025-10-12,2025-10-28,,Proposal,Open,Medium,57926.0,Event,"APAC Sales",
192,174,2025-02-24,2025-03-03,2025-03-17,2025-04-22,Lost,Lost,Large,202386.0,Inbound,"EMEA Sales",Competitor
193,191,2025-11-03,2025-11-07,2025-12-07,2026-01-03,Won,Won,Medium,60158.0,Outbound,"NA Sales",
194,208,2025-03-20,2025-04-01,,,Qualified,Open,Medium,61274.0,Outbound,"LATAM Sales",
195,225,2025-11-27,,,,Lead,Open,Medium,62390.0,Inbound,"EMEA Sales",
196,2,2025-12-09,2025-12-17,,,Qualified,Open,Medium,52226.0,Event,"NA Sales",
197,19,2025-04-25,2025-05-05,2025-05-21,2025-06-17,Lost,Lost,Small,18156.0,Outbound,"APAC Sales",Budget
198,36,2026-01-02,2026-01-07,2026-02-10,2026-03-05,Won,Won,Small,18894.0,Event,"EMEA Sales",
199,53,2025-05-19,2025-05-31,2025-06-12,2025-07-27,Won,Won,Small,19632.0,Inbound,"NA Sales",
200,70,2026-01-26,2026-02-03,2026-03-05,2026-04-01,Lost,Lost,Medium,56690.0,Outbound,"LATAM Sales",Competitor
201,87,2025-06-12,2025-06-26,2025-07-02,,Proposal,Open,Large,200898.0,Outbound,"APAC Sales",
202,104,2026-02-19,2026-03-06,2026-03-28,2026-04-11,Lost,Lost,Medium,58922.0,Outbound,"EMEA Sales",Competitor
203,121,2025-07-06,2025-07-13,,,Qualified,Open,Medium,60038.0,Inbound,"NA Sales",
204,138,2026-03-15,2026-03-25,,,Qualified,Open,Medium,61154.0,Event,"APAC Sales",
205,155,2025-07-30,2025-08-06,2025-08-18,2025-10-02,Lost,Lost,Large,207810.0,Outbound,"EMEA Sales",Budget
206,172,2026-04-08,,,,Lead,Open,Medium,63386.0,Partner,"NA Sales",
207,189,2025-08-23,2025-08-30,2025-09-21,2025-11-09,Lost,Lost,Small,25536.0,Event,"LATAM Sales",Budget
208,206,2025-01-07,2025-01-19,2025-02-10,,Proposal,Open,Small,26274.0,Inbound,"APAC Sales",
209,223,2025-09-16,2025-09-27,,,Qualified,Open,Medium,66734.0,Inbound,"EMEA Sales",
210,240,2025-01-31,2025-02-05,2025-03-07,2025-04-03,Lost,Lost,Medium,67850.0,Partner,"NA Sales",Competitor
211,17,2025-02-12,,,,Lead,Open,Large,201138.0,Outbound,"EMEA Sales",
212,34,2025-10-22,,,,Lead,Open,Large,202866.0,Event,"NA Sales",
213,51,2025-03-08,2025-03-15,2025-03-27,2025-05-11,Lost,Lost,Large,204594.0,Outbound,"NA Sales",Budget
214,68,2025-11-15,,,,Lead,Open,Small,23262.0,Outbound,"APAC Sales",
215,85,2025-04-01,2025-04-10,2025-04-22,2025-06-06,Won,Won,Medium,62150.0,Partner,"EMEA Sales",
216,102,2025-12-09,,,,Lead,Open,Small,24738.0,Partner,"NA Sales",
217,119,2025-04-25,2025-05-08,,,Qualified,Open,Small,25476.0,Outbound,"APAC Sales",
218,136,2026-01-02,,,,Lead,Open,Small,26214.0,Inbound,"EMEA Sales",
219,153,2025-05-19,2025-05-27,2025-06-24,2025-07-30,Lost,Lost,Medium,66614.0,Event,"NA Sales",Budget
220,170,2026-01-26,,,,Lead,Open,Small,27690.0,Inbound,"LATAM Sales",
221,187,2025-06-12,2025-06-20,2025-07-12,2025-08-30,Lost,Lost,Large,218418.0,Outbound,"APAC Sales",Budget
222,204,2026-02-19,,,,Lead,Open,Large,90146.0,Partner,"EMEA Sales",
223,221,2025-07-06,,,,Lead,Open,Small,29904.0,Partner,"NA Sales",
224,238,2026-03-15,2026-03-18,,,Qualified,Open,Medium,72194.0,Partner,"APAC Sales",
225,15,2026-03-27,,,,Lead,Open,Medium,62030.0,Outbound,"NA Sales",
226,32,2025-08-11,2025-08-21,2025-09-12,2025-09-26,Lost,Lost,Medium,63146.0,Inbound,"NA Sales",Competitor
227,49,2026-04-20,2026-05-04,2026-05-10,2026-07-07,Lost,Lost,Medium,64262.0,Outbound,"APAC Sales",Budget
228,66,2025-09-04,2025-09-11,2025-10-11,2025-11-07,Won,Won,Medium,65378.0,Partner,"EMEA Sales",
229,83,2025-01-19,2025-02-01,,,Qualified,Open,Small,26892.0,Inbound,"NA Sales",
230,100,2025-09-28,,,,Lead,Open,Small,27630.0,Inbound,"APAC Sales",
231,117,2025-02-12,,,,Lead,Open,Large,218658.0,Inbound,"EMEA Sales",
232,134,2025-10-22,2025-11-06,,,Qualified,Open,Small,29106.0,Partner,"NA Sales",
233,151,2025-03-08,2025-03-15,2025-04-14,,Proposal,Open,Medium,70958.0,Outbound,"NA Sales",
234,168,2025-11-15,2025-11-25,2025-12-11,2026-01-07,Lost,Lost,Large,93842.0,Event,"APAC Sales",Competitor
235,185,2025-04-01,2025-04-05,2025-05-05,2025-06-01,Won,Won,Medium,73190.0,Outbound,"EMEA Sales",
236,202,2025-12-09,2025-12-18,2026-01-01,2026-02-06,Won,Won,Medium,74306.0,Outbound,"NA Sales",
237,219,2025-04-25,2025-05-01,,,Qualified,Open,Large,99026.0,Partner,"APAC Sales",
238,236,2026-01-02,,,,Lead,Open,Medium,76538.0,Partner,"EMEA Sales",
239,13,2026-01-14,2026-01-24,2026-02-21,2026-03-29,Lost,Lost,Medium,66374.0,Outbound,"NA Sales",Budget
240,30,2025-05-31,2025-06-03,2025-07-07,2025-07-30,Lost,Lost,Medium,67490.0,Inbound,"APAC Sales",Competitor
241,47,2026-02-07,2026-02-12,2026-03-06,2026-04-24,Won,Won,Medium,68606.0,Partner,"EMEA Sales",
242,64,2025-06-24,2025-07-08,,,Qualified,Open,Medium,69722.0,Inbound,"NA Sales",
243,81,2026-03-03,2026-03-18,,,Qualified,Open,Small,29784.0,Outbound,"LATAM Sales",
244,98,2025-07-18,2025-07-31,2025-08-12,,Proposal,Open,Medium,71954.0,Outbound,"EMEA Sales",
245,115,2026-03-27,2026-03-30,,,Qualified,Open,Medium,73070.0,Outbound,"NA Sales",
246,132,2025-08-11,,,,Lead,Open,Large,97538.0,Outbound,"NA Sales",
247,149,2026-04-20,2026-04-29,,,Qualified,Open,Small,14736.0,Inbound,"APAC Sales",
248,166,2025-09-04,2025-09-13,2025-10-11,2025-11-16,Lost,Lost,Medium,76418.0,Partner,"EMEA Sales",Competitor
249,183,2025-01-19,2025-01-22,,,Qualified,Open,Medium,77534.0,Inbound,"NA Sales",
250,200,2025-09-28,,,,Lead,Open,Medium,78650.0,Outbound,"APAC Sales",
251,217,2025-02-12,2025-02-14,,,Qualified,Open,Medium,79766.0,Partner,"EMEA Sales",
252,234,2025-10-22,2025-10-26,2025-11-29,,Proposal,Open,Small,18426.0,Partner,"NA Sales",
253,11,2025-11-03,2025-11-07,2025-12-11,2026-01-03,Lost,Lost,Medium,70718.0,Outbound,"APAC Sales",Budget
254,28,2025-03-20,2025-03-29,2025-04-28,2025-05-25,Won,Won,Small,12462.0,Inbound,"EMEA Sales",
255,45,2025-11-27,2025-12-04,2025-12-24,2026-01-16,Won,Won,Small,13200.0,Event,"NA Sales",
256,62,2025-04-13,,,,Lead,Open,Medium,74066.0,Outbound,"LATAM Sales",
257,79,2025-12-21,2025-12-25,2026-01-22,2026-02-27,Lost,Lost,Small,14676.0,Partner,"APAC Sales",Budget
258,96,2025-05-07,2025-05-20,2025-06-09,2025-07-02,Lost,Lost,Large,101234.0,Event,"EMEA Sales",Competitor
259,113,2026-01-14,2026-01-17,2026-02-08,2026-03-29,Lost,Lost,Large,102962.0,Inbound,"NA Sales",Budget
260,130,2025-05-31,2025-06-14,2025-06-26,2025-08-10,Won,Won,Medium,78530.0,Inbound,"APAC Sales",
261,147,2026-02-07,,,,Lead,Open,Small,17628.0,Partner,"EMEA Sales",
262,164,2025-06-24,,,,Lead,Open,Medium,35762.0,Outbound,"NA Sales",
263,181,2026-03-03,2026-03-15,,,Qualified,Open,Medium,36878.0,Inbound,"LATAM Sales",
264,198,2025-07-18,2025-08-01,2025-08-13,2025-09-27,Won,Won,Medium,37994.0,Outbound,"EMEA Sales",
265,215,2026-03-27,2026-04-04,2026-04-24,2026-05-17,Lost,Lost,Medium,39110.0,Partner,"NA Sales",Budget
266,232,2025-08-11,2025-08-21,2025-09-10,2025-10-03,Lost,Lost,Small,21318.0,Partner,"NA Sales",Competitor
267,9,2025-08-23,,,,Lead,Open,Small,14616.0,Partner,"EMEA Sales",
268,26,2025-01-07,2025-01-19,2025-02-10,2025-02-24,Won,Won,Small,15354.0,Outbound,"NA Sales",
269,43,2025-09-16,2025-09-24,2025-10-10,2025-11-06,Won,Won,Small,16092.0,Inbound,"LATAM Sales",
270,60,2025-01-31,2025-02-03,2025-03-01,,Proposal,Open,Medium,78410.0,Partner,"APAC Sales",
271,77,2025-10-10,2025-10-12,2025-11-11,2025-12-08,Won,Won,Small,17568.0,Inbound,"EMEA Sales",
272,94,2025-02-24,2025-03-07,,,Qualified,Open,Medium,35642.0,Outbound,"NA Sales",
273,111,2025-11-03,2025-11-15,,,Qualified,Open,Medium,36758.0,Partner,"APAC Sales",
274,128,2025-03-20,2025-04-01,,,Qualified,Open,Medium,37874.0,Partner,"EMEA Sales",
275,145,2025-11-27,2025-12-12,2025-12-24,2026-02-07,Lost,Lost,Small,20520.0,Outbound,"NA Sales",Budget
276,162,2025-04-13,2025-04-26,,,Qualified,Open,Medium,40106.0,Outbound,"LATAM Sales",
277,179,2025-12-21,,,,Lead,Open,Medium,41222.0,Event,"APAC Sales",
278,196,2025-05-07,,,,Lead,Open,Medium,42338.0,Outbound,"EMEA Sales",
279,213,2026-01-14,2026-01-26,2026-02-17,2026-03-03,Won,Won,Large,120482.0,Partner,"NA Sales",
280,230,2025-05-31,,,,Lead,Open,Small,24210.0,Event,"APAC Sales",
281,7,2025-06-12,2025-06-23,,,Qualified,Open,Small,17508.0,Event,"NA Sales",
282,24,2026-02-19,2026-03-04,2026-03-26,2026-04-09,Lost,Lost,Small,18246.0,Event,"NA Sales",Competitor
283,41,2025-07-06,2025-07-15,2025-08-14,2025-09-10,Lost,Lost,Small,18984.0,Partner,"APAC Sales",Budget
284,58,2026-03-15,2026-03-17,2026-04-08,2026-05-27,Won,Won,Medium,37754.0,Inbound,"EMEA Sales",
285,75,2025-07-30,2025-08-13,,,Qualified,Open,Small,20460.0,Partner,"NA Sales",
286,92,2026-04-08,2026-04-15,2026-05-01,2026-05-28,Lost,Lost,Medium,39986.0,Inbound,"APAC Sales",Competitor
287,109,2025-08-23,2025-09-02,2025-09-22,2025-10-15,Won,Won,Medium,41102.0,Outbound,"EMEA Sales",
288,126,2025-01-07,2025-01-12,2025-02-01,2025-02-24,Lost,Lost,Medium,42218.0,Outbound,"NA Sales",Competitor
289,143,2025-09-16,2025-09-24,2025-10-06,2025-11-20,Lost,Lost,Small,23412.0,Outbound,"LATAM Sales",Budget
290,160,2025-01-31,2025-02-03,2025-02-25,2025-04-15,Lost,Lost,Medium,44450.0,Inbound,"APAC Sales",Competitor
291,177,2025-10-10,2025-10-21,,,Qualified,Open,Medium,45566.0,Event,"EMEA Sales",
292,194,2025-02-24,2025-03-04,2025-03-24,2025-04-16,Lost,Lost,Medium,46682.0,Outbound,"NA Sales",Competitor
293,211,2025-11-03,2025-11-05,2025-12-09,2026-01-01,Won,Won,Medium,47798.0,Event,"APAC Sales",
294,228,2025-03-20,,,,Lead,Open,Small,27102.0,Inbound,"EMEA Sales",
295,5,2025-04-01,2025-04-11,2025-04-25,2025-05-31,Won,Won,Medium,38750.0,Inbound,"NA Sales",
296,22,2025-12-09,2025-12-21,2025-12-29,2026-02-16,Won,Won,Small,21138.0,Inbound,"APAC Sales",
297,39,2025-04-25,2025-05-03,2025-06-02,2025-06-29,Lost,Lost,Small,21876.0,Inbound,"EMEA Sales",Budget
298,56,2026-01-02,2026-01-14,2026-02-05,2026-02-19,Lost,Lost,Medium,42098.0,Partner,"NA Sales",Competitor
299,73,2025-05-19,2025-06-01,2025-06-21,2025-07-14,Won,Won,Small,23352.0,Outbound,"APAC Sales",
300,90,2026-01-26,2026-01-29,,,Qualified,Open,Medium,44330.0,Event,"EMEA Sales",
301,107,2025-06-12,2025-06-16,,,Qualified,Open,Medium,45446.0,Inbound,"NA Sales",
302,124,2026-02-19,2026-03-04,2026-03-26,2026-04-09,Won,Won,Large,126146.0,Outbound,"NA Sales",
303,141,2025-07-06,,,,Lead,Open,Small,26304.0,Outbound,"APAC Sales",
304,158,2026-03-15,2026-03-23,2026-04-22,2026-05-19,Won,Won,Large,129602.0,Inbound,"EMEA Sales",
305,175,2025-07-30,2025-08-12,2025-08-24,2025-10-08,Won,Won,Large,131330.0,Inbound,"NA Sales",
306,192,2026-04-08,2026-04-21,,,Qualified,Open,Medium,51026.0,Outbound,"APAC Sales",
307,209,2025-08-23,2025-08-25,2025-09-24,2025-10-21,Won,Won,Large,134786.0,Inbound,"EMEA Sales",
308,226,2025-01-07,2025-01-22,2025-02-05,2025-03-13,Lost,Lost,Medium,53258.0,Outbound,"NA Sales",Competitor
309,3,2025-01-19,,,,Lead,Open,Medium,43094.0,Outbound,"APAC Sales",
310,20,2025-09-28,2025-10-09,2025-10-21,2025-12-05,Lost,Lost,Medium,44210.0,Partner,"EMEA Sales",Competitor
311,37,2025-02-12,,,,Lead,Open,Medium,45326.0,Outbound,"NA Sales",
312,54,2025-10-22,2025-10-31,2025-11-22,2025-12-06,Won,Won,Medium,46442.0,Outbound,"LATAM Sales",
313,71,2025-03-08,,,,Lead,Open,Small,26244.0,Inbound,"EMEA Sales",
314,88,2025-11-15,2025-11-26,2025-12-24,2026-01-29,Won,Won,Small,26982.0,Outbound,"NA Sales",
315,105,2025-04-01,,,,Lead,Open,Large,131570.0,Inbound,"NA Sales",
316,122,2025-12-09,2025-12-13,2026-01-16,2026-02-08,Lost,Lost,Small,28458.0,Inbound,"APAC Sales",Competitor
317,139,2025-04-25,,,,Lead,Open,Medium,52022.0,Outbound,"EMEA Sales",
318,156,2026-01-02,2026-01-15,2026-01-27,2026-03-13,Lost,Lost,Small,29934.0,Inbound,"NA Sales",Competitor
319,173,2025-05-19,2025-05-21,,,Qualified,Open,Large,138482.0,Inbound,"APAC Sales",
320,190,2026-01-26,,,,Lead,Open,Large,140210.0,Event,"EMEA Sales",
321,207,2025-06-12,2025-06-14,,,Qualified,Open,Small,14148.0,Outbound,"NA Sales",
322,224,2026-02-19,2026-03-06,2026-03-26,2026-04-18,Won,Won,Medium,57602.0,Partner,"NA Sales",
323,1,2026-03-03,2026-03-10,2026-03-24,2026-04-29,Lost,Lost,Medium,47438.0,Inbound,"EMEA Sales",Budget
324,18,2025-07-18,2025-07-24,2025-08-07,,Proposal,Open,Medium,48554.0,Inbound,"NA Sales",
325,35,2026-03-27,2026-03-29,2026-04-18,2026-05-11,Won,Won,Medium,49670.0,Inbound,"LATAM Sales",
326,52,2025-08-11,2025-08-15,2025-09-14,2025-10-11,Won,Won,Small,28398.0,Inbound,"EMEA Sales",
327,69,2026-04-20,,,,Lead,Open,Medium,51902.0,Partner,"EMEA Sales",
328,86,2025-09-04,,,,Lead,Open,Small,29874.0,Outbound,"NA Sales",
329,103,2025-01-19,2025-02-03,2025-02-23,2025-03-18,Won,Won,Small,12612.0,Event,"APAC Sales",
330,120,2025-09-28,2025-10-03,2025-11-02,2025-11-29,Lost,Lost,Medium,55250.0,Inbound,"EMEA Sales",Competitor
331,137,2025-02-12,2025-02-20,2025-03-12,2025-04-04,Won,Won,Large,142178.0,Outbound,"NA Sales",
332,154,2025-10-22,2025-11-05,2025-11-19,2025-12-25,Lost,Lost,Medium,57482.0,Outbound,"LATAM Sales",Competitor
333,171,2025-03-08,2025-03-11,2025-04-08,2025-05-14,Won,Won,Small,15564.0,Outbound,"EMEA Sales",
334,188,2025-11-15,2025-11-26,2025-12-16,2026-01-08,Lost,Lost,Small,16302.0,Inbound,"NA Sales",Competitor
335,205,2025-04-01,2025-04-15,,,Qualified,Open,Medium,60830.0,Partner,"NA Sales",
336,222,2025-12-09,2025-12-22,,,Qualified,Open,Medium,61946.0,Inbound,"APAC Sales",
337,239,2025-04-25,2025-04-29,2025-06-02,2025-06-25,Lost,Lost,Medium,63062.0,Outbound,"EMEA Sales",Budget
338,16,2025-05-07,2025-05-11,2025-06-14,2025-07-07,Lost,Lost,Large,137234.0,Partner,"LATAM Sales",Competitor
339,33,2026-01-14,2026-01-23,,,Qualified,Open,Large,138962.0,Event,"APAC Sales",
340,50,2025-05-31,2025-06-10,2025-06-30,2025-07-23,Lost,Lost,Small,13290.0,Partner,"EMEA Sales",Competitor
341,67,2026-02-07,2026-02-13,2026-03-13,2026-04-18,Lost,Lost,Medium,56246.0,Outbound,"NA Sales",Budget
342,84,2025-06-24,2025-07-01,,,Qualified,Open,Medium,57362.0,Inbound,"APAC Sales",
343,101,2026-03-03,2026-03-08,,,Qualified,Open,Medium,58478.0,Event,"EMEA Sales",
344,118,2025-07-18,2025-07-27,,,Qualified,Open,Medium,59594.0,Inbound,"NA Sales",
345,135,2026-03-27,2026-04-03,2026-04-19,2026-05-16,Won,Won,Small,16980.0,Outbound,"LATAM Sales",
346,152,2025-08-11,2025-08-26,,,Qualified,Open,Medium,61826.0,Partner,"EMEA Sales",
347,169,2026-04-20,2026-05-03,,,Qualified,Open,Medium,62942.0,Outbound,"EMEA Sales",
348,186,2025-09-04,2025-09-11,2025-09-25,2025-10-31,Won,Won,Medium,64058.0,Outbound,"NA Sales",
349,203,2025-01-19,2025-01-29,2025-02-14,2025-03-13,Won,Won,Large,156242.0,Inbound,"APAC Sales",
350,220,2025-09-28,2025-10-04,2025-10-16,2025-11-30,Won,Won,Small,20670.0,Partner,"EMEA Sales",
351,237,2025-02-12,2025-02-23,,,Qualified,Open,Large,159698.0,Inbound,"NA Sales",
352,14,2025-02-24,2025-03-05,2025-03-21,,Proposal,Open,Small,14706.0,Outbound,"APAC Sales",
353,31,2025-11-03,2025-11-05,,,Qualified,Open,Medium,58358.0,Outbound,"EMEA Sales",
354,48,2025-03-20,,,,Lead,Open,Large,147842.0,Outbound,"NA Sales",
355,65,2025-11-27,2025-12-05,2026-01-04,2026-01-31,Lost,Lost,Small,16920.0,Outbound,"APAC Sales",Budget
356,82,2025-04-13,,,,Lead,Open,Large,151298.0,Inbound,"EMEA Sales",
357,99,2025-12-21,2025-12-28,2026-01-17,2026-02-09,Won,Won,Large,153026.0,Event,"NA Sales",
358,116,2025-05-07,2025-05-15,,,Qualified,Open,Small,19134.0,Outbound,"LATAM Sales",
359,133,2026-01-14,2026-01-20,,,Qualified,Open,Medium,65054.0,Partner,"APAC Sales",
360,150,2025-05-31,2025-06-12,2025-06-20,2025-08-08,Lost,Lost,Small,20610.0,Event,"EMEA Sales",Competitor
361,167,2026-02-07,,,,Lead,Open,Large,159938.0,Event,"NA Sales",
362,184,2025-06-24,2025-06-28,2025-07-14,2025-08-10,Lost,Lost,Large,161666.0,Event,"APAC Sales",Competitor
363,201,2026-03-03,2026-03-09,2026-03-29,2026-04-21,Lost,Lost,Small,22824.0,Partner,"EMEA Sales",Budget
364,218,2025-07-18,,,,Lead,Open,Medium,70634.0,Inbound,"NA Sales",
365,235,2026-03-27,2026-04-01,2026-05-05,2026-05-28,Lost,Lost,Small,24300.0,Event,"LATAM Sales",Budget
366,12,2026-04-08,2026-04-22,2026-05-08,,Proposal,Open,Medium,61586.0,Inbound,"EMEA Sales",
367,29,2025-08-23,2025-08-27,2025-09-16,2025-10-09,Won,Won,Medium,62702.0,Outbound,"NA Sales",
368,46,2025-01-07,,,,Lead,Open,Small,19074.0,Outbound,"APAC Sales",
369,63,2025-09-16,2025-09-26,2025-10-24,2025-11-29,Lost,Lost,Medium,64934.0,Outbound,"EMEA Sales",Budget
370,80,2025-01-31,2025-02-11,2025-02-23,2025-04-09,Won,Won,Medium,66050.0,Inbound,"NA Sales",
371,97,2025-10-10,2025-10-14,2025-10-28,2025-12-03,Lost,Lost,Medium,67166.0,Event,"LATAM Sales",Budget
372,114,2025-02-24,2025-03-04,2025-04-03,2025-04-30,Won,Won,Medium,68282.0,Outbound,"APAC Sales",
373,131,2025-11-03,2025-11-06,2025-12-06,,Proposal,Open,Large,163634.0,Event,"EMEA Sales",
374,148,2025-03-20,2025-03-29,,,Qualified,Open,Large,165362.0,Inbound,"NA Sales",
375,165,2025-11-27,2025-12-03,2025-12-23,2026-01-15,Won,Won,Medium,71630.0,Outbound,"APAC Sales",
376,182,2025-04-13,2025-04-25,2025-05-17,2025-05-31,Won,Won,Medium,72746.0,Outbound,"EMEA Sales",
377,199,2025-12-21,2026-01-02,,,Qualified,Open,Medium,73862.0,Inbound,"NA Sales",
378,216,2025-05-07,2025-05-13,,,Qualified,Open,Small,26454.0,Event,"LATAM Sales",
379,233,2026-01-14,2026-01-22,2026-02-19,,Proposal,Open,Medium,76094.0,Outbound,"APAC Sales",
380,10,2026-01-26,,,,Lead,Open,Small,20490.0,Event,"NA Sales",
381,27,2025-06-12,2025-06-19,2025-07-09,2025-08-01,Won,Won,Small,21228.0,Inbound,"APAC Sales",
382,44,2026-02-19,2026-02-25,2026-03-17,2026-04-09,Won,Won,Large,162146.0,Outbound,"EMEA Sales",
383,61,2025-07-06,2025-07-16,2025-07-28,,Proposal,Open,Small,22704.0,Outbound,"NA Sales",
384,78,2026-03-15,2026-03-24,,,Qualified,Open,Large,165602.0,Outbound,"NA Sales",
385,95,2025-07-30,2025-08-01,2025-08-17,2025-09-13,Lost,Lost,Large,167330.0,Inbound,"APAC Sales",Budget
386,112,2026-04-08,2026-04-13,2026-05-17,2026-06-09,Lost,Lost,Small,24918.0,Partner,"EMEA Sales",Competitor
387,129,2025-08-23,,,,Lead,Open,Medium,73742.0,Inbound,"NA Sales",
388,146,2025-01-07,2025-01-22,2025-01-30,2025-03-20,Lost,Lost,Small,26394.0,Outbound,"APAC Sales",Competitor
389,163,2025-09-16,2025-10-01,,,Qualified,Open,Large,174242.0,Event,"EMEA Sales",
390,180,2025-01-31,2025-02-04,,,Qualified,Open,Large,175970.0,Event,"NA Sales",
391,197,2025-10-10,2025-10-14,2025-11-11,2025-12-17,Lost,Lost,Small,28608.0,Event,"LATAM Sales",Budget
392,214,2025-02-24,2025-03-05,2025-03-25,,Proposal,Open,Medium,79322.0,Partner,"APAC Sales",
393,231,2025-11-03,2025-11-12,2025-12-12,2026-01-08,Lost,Lost,Medium,35438.0,Outbound,"EMEA Sales",Budget
394,8,2025-11-15,,,,Lead,Open,Medium,70274.0,Partner,"LATAM Sales",
395,25,2025-04-01,2025-04-09,,,Qualified,Open,Large,167570.0,Inbound,"EMEA Sales",
396,42,2025-12-09,2025-12-13,2026-01-02,2026-01-25,Lost,Lost,Small,24858.0,Outbound,"NA Sales",Competitor
397,59,2025-04-25,2025-05-04,2025-05-20,2025-06-16,Lost,Lost,Medium,73622.0,Outbound,"NA Sales",Budget
398,76,2026-01-02,2026-01-09,2026-02-06,2026-03-14,Won,Won,Medium,74738.0,Outbound,"APAC Sales",
399,93,2025-05-19,2025-06-02,2025-06-24,2025-07-08,Lost,Lost,Medium,75854.0,Outbound,"EMEA Sales",Budget
400,110,2026-01-26,2026-02-07,2026-03-01,2026-03-15,Won,Won,Large,176210.0,Inbound,"NA Sales",
401,127,2025-06-12,2025-06-19,,,Qualified,Open,Small,28548.0,Partner,"APAC Sales",
402,144,2026-02-19,2026-02-27,,,Qualified,Open,Large,179666.0,Inbound,"EMEA Sales",
403,161,2025-07-06,2025-07-11,2025-07-31,2025-08-23,Won,Won,Medium,35318.0,Outbound,"NA Sales",
404,178,2026-03-15,2026-03-23,,,Qualified,Open,Medium,36434.0,Outbound,"NA Sales",
405,195,2025-07-30,,,,Lead,Open,Medium,37550.0,Outbound,"APAC Sales",
406,212,2026-04-08,2026-04-19,,,Qualified,Open,Small,14238.0,Outbound,"EMEA Sales",
407,229,2025-08-23,2025-09-05,2025-09-11,2025-11-08,Lost,Lost,Small,14976.0,Inbound,"NA Sales",Budget
408,6,2025-09-04,2025-09-09,2025-10-01,2025-11-19,Lost,Lost,Medium,74618.0,Partner,"APAC Sales",Competitor
409,23,2025-01-19,2025-01-26,,,Qualified,Open,Medium,75734.0,Inbound,"EMEA Sales",
410,40,2025-09-28,2025-10-01,2025-10-29,2025-12-04,Won,Won,Medium,76850.0,Outbound,"NA Sales",
411,57,2025-02-12,2025-02-17,2025-03-05,2025-04-01,Lost,Lost,Medium,77966.0,Partner,"APAC Sales",Budget
412,74,2025-10-22,2025-10-25,2025-11-14,2025-12-07,Lost,Lost,Small,29226.0,Partner,"EMEA Sales",Competitor
413,91,2025-03-08,2025-03-15,,,Qualified,Open,Small,29964.0,Partner,"NA Sales",
414,108,2025-11-15,2025-11-23,2025-12-13,2026-01-05,Lost,Lost,Medium,36314.0,Outbound,"LATAM Sales",Competitor
415,125,2025-04-01,2025-04-13,2025-04-29,,Proposal,Open,Medium,37430.0,Inbound,"EMEA Sales",
416,142,2025-12-09,2025-12-24,2025-12-30,2026-02-26,Lost,Lost,Medium,38546.0,Outbound,"NA Sales",Competitor
417,159,2025-04-25,2025-05-05,2025-05-19,2025-06-24,Won,Won,Small,14916.0,Event,"NA Sales",
418,176,2026-01-02,2026-01-15,2026-01-29,2026-03-06,Lost,Lost,Small,15654.0,Inbound,"APAC Sales",Competitor
419,193,2025-05-19,2025-05-29,,,Qualified,Open,Medium,41894.0,Inbound,"EMEA Sales",
420,210,2026-01-26,2026-02-08,2026-02-16,2026-04-06,Lost,Lost,Small,17130.0,Inbound,"NA Sales",Competitor
421,227,2025-06-12,2025-06-24,2025-07-06,2025-08-20,Lost,Lost,Large,195458.0,Inbound,"APAC Sales",Budget
422,4,2025-06-24,2025-06-28,,,Qualified,Open,Small,29166.0,Partner,"EMEA Sales",
423,21,2026-03-03,2026-03-09,2026-03-21,2026-05-05,Won,Won,Small,29904.0,Inbound,"NA Sales",
424,38,2025-07-18,2025-07-29,2025-08-06,2025-09-24,Lost,Lost,Medium,36194.0,Partner,"APAC Sales",Competitor
425,55,2026-03-27,2026-04-11,2026-05-01,2026-05-24,Lost,Lost,Small,13380.0,Event,"EMEA Sales",Budget
426,72,2025-08-11,2025-08-22,2025-09-19,2025-10-25,Won,Won,Large,187058.0,Inbound,"NA Sales",
427,89,2026-04-20,2026-05-05,,,Qualified,Open,Large,188786.0,Inbound,"LATAM Sales",
428,106,2025-09-04,,,,Lead,Open,Small,15594.0,Event,"APAC Sales",
429,123,2025-01-19,,,,Lead,Open,Medium,41774.0,Outbound,"EMEA Sales",
430,140,2025-09-28,2025-10-02,2025-11-01,,Proposal,Open,Small,17070.0,Inbound,"NA Sales",
431,157,2025-02-12,,,,Lead,Open,Large,195698.0,Partner,"APAC Sales",
432,174,2025-10-22,2025-11-04,2025-11-12,2025-12-31,Won,Won,Small,18546.0,Event,"EMEA Sales",
433,191,2025-03-08,2025-03-15,2025-04-12,,Proposal,Open,Small,19284.0,Inbound,"NA Sales",
434,208,2025-11-15,,,,Lead,Open,Medium,47354.0,Inbound,"LATAM Sales",
435,225,2025-04-01,2025-04-08,2025-04-24,,Proposal,Open,Medium,48470.0,Inbound,"EMEA Sales",
436,2,2025-04-13,2025-04-28,2025-05-10,,Proposal,Open,Large,187298.0,Partner,"NA Sales",
437,19,2025-12-21,2026-01-02,2026-01-10,2026-02-28,Won,Won,Small,14796.0,Outbound,"APAC Sales",
438,36,2025-05-07,2025-05-15,,,Qualified,Open,Medium,40538.0,Event,"EMEA Sales",
439,53,2026-01-14,2026-01-21,2026-02-04,2026-03-12,Lost,Lost,Large,192482.0,Inbound,"NA Sales",Budget
440,70,2025-05-31,2025-06-03,2025-07-09,,Proposal,Open,Medium,42770.0,Outbound,"LATAM Sales",
441,87,2026-02-07,2026-02-11,2026-03-11,2026-04-16,Won,Won,Medium,43886.0,Outbound,"APAC Sales",
442,104,2025-06-24,2025-06-26,,,Qualified,Open,Large,197666.0,Outbound,"EMEA Sales",
443,121,2026-03-03,2026-03-09,2026-04-06,2026-05-12,Won,Won,Small,19224.0,Inbound,"NA Sales",
444,138,2025-07-18,2025-07-22,2025-08-05,,Proposal,Open,Large,201122.0,Event,"APAC Sales",
445,155,2026-03-27,2026-04-09,2026-04-23,2026-05-29,Won,Won,Medium,48350.0,Outbound,"EMEA Sales",
446,172,2025-08-11,2025-08-24,,,Qualified,Open,Large,204578.0,Partner,"NA Sales",
447,189,2026-04-20,,,,Lead,Open,Small,22176.0,Inbound,"LATAM Sales",
448,206,2025-09-04,2025-09-12,2025-09-28,2025-10-25,Lost,Lost,Large,208034.0,Inbound,"APAC Sales",Competitor
449,223,2025-01-19,,,,Lead,Open,Medium,52814.0,Inbound,"EMEA Sales",
450,240,2025-09-28,2025-10-05,2025-11-04,,Proposal,Open,Small,24390.0,Event,"NA Sales",
451,17,2025-10-10,2025-10-17,2025-10-31,2025-12-06,Won,Won,Large,196178.0,Outbound,"EMEA Sales",
452,34,2025-02-24,2025-03-08,2025-03-24,2025-04-20,Lost,Lost,Small,18426.0,Inbound,"NA Sales",Competitor
453,51,2025-11-03,2025-11-16,2025-11-28,2026-01-12,Lost,Lost,Large,199634.0,Outbound,"NA Sales",Budget
454,68,2025-03-20,2025-03-27,,,Qualified,Open,Medium,47114.0,Event,"APAC Sales",
455,85,2025-11-27,2025-12-05,2025-12-27,2026-02-14,Won,Won,Medium,48230.0,Inbound,"EMEA Sales",
456,102,2025-04-13,2025-04-19,2025-05-01,2025-06-15,Won,Won,Medium,49346.0,Inbound,"NA Sales",
457,119,2025-12-21,,,,Lead,Open,Small,22116.0,Event,"APAC Sales",
458,136,2025-05-07,2025-05-12,2025-06-09,2025-07-15,Lost,Lost,Medium,51578.0,Outbound,"EMEA Sales",Competitor
459,153,2026-01-14,2026-01-25,2026-02-14,2026-03-09,Won,Won,Medium,52694.0,Inbound,"NA Sales",
460,170,2025-05-31,2025-06-09,2025-07-09,2025-08-05,Won,Won,Medium,53810.0,Partner,"LATAM Sales",
461,187,2026-02-07,2026-02-10,2026-03-16,2026-04-08,Won,Won,Small,25068.0,Event,"APAC Sales",
462,204,2025-06-24,2025-06-27,,,Qualified,Open,Medium,56042.0,Inbound,"EMEA Sales",
463,221,2026-03-03,,,,Lead,Open,Small,26544.0,Inbound,"NA Sales",
464,238,2025-07-18,,,,Lead,Open,Small,27282.0,Inbound,"APAC Sales",
465,15,2025-07-30,2025-08-13,2025-08-27,2025-10-02,Lost,Lost,Medium,48110.0,Event,"NA Sales",Budget
466,32,2026-04-08,2026-04-13,,,Qualified,Open,Small,21318.0,Outbound,"NA Sales",
467,49,2025-08-23,,,,Lead,Open,Medium,50342.0,Event,"APAC Sales",
468,66,2025-01-07,,,,Lead,Open,Medium,51458.0,Inbound,"EMEA Sales",
469,83,2025-09-16,2025-09-28,2025-10-10,2025-11-24,Won,Won,Medium,52574.0,Outbound,"NA Sales",
470,100,2025-01-31,,,,Lead,Open,Medium,53690.0,Partner,"APAC Sales",
471,117,2025-10-10,,,,Lead,Open,Small,25008.0,Outbound,"EMEA Sales",
472,134,2025-02-24,,,,Lead,Open,Large,215426.0,Outbound,"NA Sales",
473,151,2025-11-03,2025-11-10,2025-11-22,2026-01-06,Won,Won,Large,217154.0,Inbound,"NA Sales",
474,168,2025-03-20,,,,Lead,Open,Medium,58154.0,Outbound,"APAC Sales",
475,185,2025-11-27,2025-12-08,2025-12-16,2026-02-03,Won,Won,Small,27960.0,Inbound,"EMEA Sales",
476,202,2025-04-13,,,,Lead,Open,Medium,60386.0,Inbound,"NA Sales",
477,219,2025-12-21,2025-12-26,2026-01-09,2026-02-14,Won,Won,Small,29436.0,Outbound,"APAC Sales",
478,236,2025-05-07,,,,Lead,Open,Small,12174.0,Outbound,"EMEA Sales",
479,13,2025-05-19,2025-05-21,,,Qualified,Open,Large,210482.0,Inbound,"NA Sales",
480,30,2026-01-26,2026-02-02,2026-02-24,2026-04-14,Won,Won,Small,24210.0,Event,"APAC Sales",
481,47,2025-06-12,2025-06-18,2025-07-02,2025-08-07,Won,Won,Medium,54686.0,Outbound,"EMEA Sales",
482,64,2026-02-19,2026-03-01,2026-03-21,2026-04-13,Won,Won,Medium,55802.0,Event,"NA Sales",
483,81,2025-07-06,2025-07-15,2025-08-06,2025-08-20,Won,Won,Medium,56918.0,Inbound,"LATAM Sales",
484,98,2026-03-15,2026-03-17,2026-04-16,,Proposal,Open,Medium,58034.0,Outbound,"EMEA Sales",
485,115,2025-07-30,2025-08-02,,,Qualified,Open,Small,27900.0,Outbound,"NA Sales",
486,132,2026-04-08,,,,Lead,Open,Medium,60266.0,Inbound,"NA Sales",
487,149,2025-08-23,2025-08-27,2025-09-30,2025-10-23,Lost,Lost,Medium,61382.0,Inbound,"APAC Sales",Budget
488,166,2025-01-07,2025-01-20,,,Qualified,Open,Medium,62498.0,Outbound,"EMEA Sales",
489,183,2025-09-16,2025-09-21,2025-10-05,2025-11-10,Won,Won,Small,12852.0,Inbound,"NA Sales",
490,200,2025-01-31,2025-02-05,2025-03-05,2025-04-10,Lost,Lost,Medium,64730.0,Outbound,"APAC Sales",Competitor
491,217,2025-10-10,2025-10-20,2025-11-01,2025-12-16,Won,Won,Small,14328.0,Outbound,"EMEA Sales",
492,234,2025-02-24,2025-03-06,2025-03-20,2025-04-25,Won,Won,Small,15066.0,Partner,"NA Sales",
493,11,2025-03-08,2025-03-13,2025-04-12,2025-05-09,Lost,Lost,Large,217634.0,Outbound,"APAC Sales",Budget
494,28,2025-11-15,2025-11-22,,,Qualified,Open,Small,27102.0,Outbound,"EMEA Sales",
495,45,2025-04-01,2025-04-07,,,Qualified,Open,Medium,59030.0,Inbound,"NA Sales",
496,62,2025-12-09,2025-12-19,2025-12-31,2026-02-14,Won,Won,Medium,60146.0,Outbound,"LATAM Sales",
497,79,2025-04-25,2025-05-04,,,Qualified,Open,Large,94546.0,Event,"APAC Sales",
498,96,2026-01-02,,,,Lead,Open,Large,96274.0,Inbound,"EMEA Sales",
499,113,2025-05-19,,,,Lead,Open,Small,12792.0,Inbound,"NA Sales",
500,130,2026-01-26,2026-02-02,2026-02-18,2026-03-17,Lost,Lost,Large,99730.0,Inbound,"APAC Sales",Competitor
501,147,2025-06-12,,,,Lead,Open,Medium,65726.0,Inbound,"EMEA Sales",
502,164,2026-02-19,2026-02-24,2026-03-10,2026-04-15,Won,Won,Large,103186.0,Partner,"NA Sales",
503,181,2025-07-06,,,,Lead,Open,Small,15744.0,Inbound,"LATAM Sales",
504,198,2026-03-15,2026-03-23,,,Qualified,Open,Medium,69074.0,Partner,"EMEA Sales",
505,215,2025-07-30,2025-08-13,2025-08-21,2025-10-09,Won,Won,Medium,70190.0,Event,"NA Sales",
506,232,2026-04-08,2026-04-21,2026-05-03,2026-06-17,Lost,Lost,Medium,71306.0,Inbound,"NA Sales",Competitor
507,9,2026-04-20,2026-04-28,,,Qualified,Open,Small,29256.0,Inbound,"EMEA Sales",
508,26,2025-09-04,2025-09-14,2025-09-26,2025-11-10,Won,Won,Medium,62258.0,Event,"NA Sales",
509,43,2025-01-19,2025-01-23,,,Qualified,Open,Small,12732.0,Outbound,"LATAM Sales",
510,60,2025-09-28,2025-10-06,,,Qualified,Open,Medium,64490.0,Inbound,"APAC Sales",
511,77,2025-02-12,2025-02-16,,,Qualified,Open,Medium,65606.0,Partner,"EMEA Sales",
512,94,2025-10-22,2025-11-02,2025-11-22,2025-12-15,Won,Won,Small,14946.0,Event,"NA Sales",
513,111,2025-03-08,2025-03-15,2025-03-31,2025-04-27,Lost,Lost,Medium,67838.0,Inbound,"APAC Sales",Budget
514,128,2025-11-15,2025-11-17,2025-12-15,,Proposal,Open,Small,16422.0,Inbound,"EMEA Sales",
515,145,2025-04-01,2025-04-04,2025-04-26,2025-06-14,Lost,Lost,Small,17160.0,Inbound,"NA Sales",Budget
516,162,2025-12-09,,,,Lead,Open,Small,17898.0,Event,"LATAM Sales",
517,179,2025-04-25,2025-05-07,2025-05-29,,Proposal,Open,Medium,72302.0,Outbound,"APAC Sales",
518,196,2026-01-02,2026-01-14,2026-02-03,2026-02-26,Lost,Lost,Large,113794.0,Inbound,"EMEA Sales",Competitor
519,213,2025-05-19,2025-06-03,2025-06-25,2025-07-09,Won,Won,Large,115522.0,Inbound,"NA Sales",
520,230,2026-01-26,2026-02-07,2026-02-15,2026-04-05,Lost,Lost,Medium,75650.0,Outbound,"APAC Sales",Competitor
521,7,2026-02-07,2026-02-11,2026-03-13,2026-04-09,Won,Won,Small,14148.0,Outbound,"NA Sales",
522,24,2025-06-24,2025-06-30,2025-07-14,2025-08-19,Won,Won,Medium,66602.0,Outbound,"NA Sales",
523,41,2026-03-03,2026-03-05,2026-03-31,,Proposal,Open,Small,15624.0,Inbound,"APAC Sales",
524,58,2025-07-18,2025-07-22,,,Qualified,Open,Small,16362.0,Event,"EMEA Sales",
525,75,2026-03-27,,,,Lead,Open,Small,17100.0,Outbound,"NA Sales",
526,92,2025-08-11,,,,Lead,Open,Small,17838.0,Event,"APAC Sales",
527,109,2026-04-20,2026-05-04,,,Qualified,Open,Medium,72182.0,Inbound,"EMEA Sales",
528,126,2025-09-04,2025-09-10,2025-09-22,2025-11-06,Lost,Lost,Medium,73298.0,Inbound,"NA Sales",Competitor
529,143,2025-01-19,2025-01-26,2025-02-15,2025-03-10,Won,Won,Small,20052.0,Inbound,"LATAM Sales",
530,160,2025-09-28,2025-10-11,2025-10-31,2025-11-23,Lost,Lost,Medium,75530.0,Inbound,"APAC Sales",Competitor
531,177,2025-02-12,,,,Lead,Open,Medium,76646.0,Partner,"EMEA Sales",
532,194,2025-10-22,2025-11-02,2025-11-30,2026-01-05,Lost,Lost,Small,22266.0,Outbound,"NA Sales",Competitor
533,211,2025-03-08,2025-03-22,2025-04-13,2025-04-27,Lost,Lost,Large,122674.0,Partner,"APAC Sales",Budget
534,228,2025-11-15,2025-11-26,2025-12-18,2026-01-01,Won,Won,Medium,79994.0,Inbound,"EMEA Sales",
535,5,2025-11-27,2025-11-30,,,Qualified,Open,Medium,69830.0,Inbound,"NA Sales",
536,22,2025-04-13,2025-04-15,2025-05-19,2025-06-11,Lost,Lost,Large,110818.0,Inbound,"APAC Sales",Competitor
537,39,2025-12-21,2025-12-31,2026-01-14,2026-02-19,Lost,Lost,Medium,72062.0,Inbound,"EMEA Sales",Budget
538,56,2025-05-07,2025-05-16,2025-06-07,2025-06-21,Won,Won,Medium,73178.0,Partner,"NA Sales",
539,73,2026-01-14,2026-01-19,,,Qualified,Open,Medium,74294.0,Outbound,"APAC Sales",
540,90,2025-05-31,2025-06-09,2025-06-29,2025-07-22,Won,Won,Medium,75410.0,Event,"EMEA Sales",
541,107,2026-02-07,2026-02-12,2026-03-06,2026-04-24,Won,Won,Small,21468.0,Inbound,"NA Sales",
542,124,2025-06-24,2025-07-03,2025-07-19,2025-08-15,Lost,Lost,Medium,77642.0,Outbound,"NA Sales",Competitor
543,141,2026-03-03,2026-03-10,,,Qualified,Open,Large,122914.0,Outbound,"APAC Sales",
544,158,2025-07-18,,,,Lead,Open,Large,124642.0,Outbound,"EMEA Sales",
545,175,2026-03-27,2026-03-29,2026-04-18,2026-05-11,Won,Won,Small,24420.0,Inbound,"NA Sales",
546,192,2025-08-11,,,,Lead,Open,Medium,37106.0,Partner,"APAC Sales",
547,209,2026-04-20,2026-05-01,2026-05-09,2026-06-27,Lost,Lost,Small,25896.0,Inbound,"EMEA Sales",Budget
548,226,2025-09-04,2025-09-12,,,Qualified,Open,Small,26634.0,Partner,"NA Sales",
549,3,2025-09-16,2025-09-30,2025-10-14,2025-11-19,Lost,Lost,Large,116242.0,Partner,"APAC Sales",Budget
550,20,2025-01-31,2025-02-11,2025-02-27,2025-03-26,Lost,Lost,Small,20670.0,Event,"EMEA Sales",Competitor
551,37,2025-10-10,2025-10-14,,,Qualified,Open,Large,119698.0,Event,"NA Sales",
552,54,2025-02-24,2025-02-27,2025-04-02,2025-04-25,Won,Won,Medium,77522.0,Partner,"LATAM Sales",
553,71,2025-11-03,2025-11-14,2025-11-30,2025-12-27,Won,Won,Medium,78638.0,Outbound,"EMEA Sales",
554,88,2025-03-20,,,,Lead,Open,Large,124882.0,Event,"NA Sales",
555,105,2025-11-27,2025-12-05,2026-01-04,2026-01-31,Lost,Lost,Medium,35870.0,Inbound,"NA Sales",Budget
556,122,2025-04-13,2025-04-25,2025-05-11,2025-06-07,Won,Won,Small,25098.0,Outbound,"APAC Sales",
557,139,2025-12-21,2025-12-31,2026-01-08,2026-02-26,Lost,Lost,Large,130066.0,Partner,"EMEA Sales",Budget
558,156,2025-05-07,2025-05-09,2025-06-06,2025-07-12,Won,Won,Small,26574.0,Partner,"NA Sales",
559,173,2026-01-14,2026-01-28,,,Qualified,Open,Medium,40334.0,Outbound,"APAC Sales",
560,190,2025-05-31,,,,Lead,Open,Large,135250.0,Inbound,"EMEA Sales",
561,207,2026-02-07,,,,Lead,Open,Medium,42566.0,Event,"NA Sales",
562,224,2025-06-24,2025-06-27,2025-07-27,2025-08-23,Lost,Lost,Medium,43682.0,Inbound,"NA Sales",Competitor
563,1,2025-07-06,2025-07-12,,,Qualified,Open,Small,22824.0,Outbound,"EMEA Sales",
564,18,2026-03-15,,,,Lead,Open,Medium,79634.0,Partner,"NA Sales",
565,35,2025-07-30,2025-08-07,,,Qualified,Open,Small,24300.0,Partner,"LATAM Sales",
566,52,2026-04-08,2026-04-15,2026-05-15,2026-06-11,Lost,Lost,Small,25038.0,Partner,"EMEA Sales",Competitor
567,69,2025-08-23,,,,Lead,Open,Small,25776.0,Outbound,"EMEA Sales",
568,86,2025-01-07,,,,Lead,Open,Medium,39098.0,Inbound,"NA Sales",
569,103,2025-09-16,,,,Lead,Open,Large,133762.0,Outbound,"APAC Sales",
570,120,2025-01-31,2025-02-12,2025-02-24,2025-04-10,Won,Won,Large,135490.0,Event,"EMEA Sales",
571,137,2025-10-10,,,,Lead,Open,Medium,42446.0,Inbound,"NA Sales",
572,154,2025-02-24,,,,Lead,Open,Medium,43562.0,Inbound,"LATAM Sales",
573,171,2025-11-03,,,,Lead,Open,Large,140674.0,Inbound,"EMEA Sales",
574,188,2025-03-20,2025-04-04,2025-04-12,2025-05-31,Lost,Lost,Medium,45794.0,Event,"NA Sales",Competitor
575,205,2025-11-27,2025-12-01,,,Qualified,Open,Small,13680.0,Outbound,"NA Sales",
576,222,2025-04-13,,,,Lead,Open,Small,14418.0,Inbound,"APAC Sales",
577,239,2025-12-21,2026-01-02,,,Qualified,Open,Small,15156.0,Outbound,"EMEA Sales",
578,16,2026-01-02,,,,Lead,Open,Small,26454.0,Outbound,"LATAM Sales",
579,33,2025-05-19,2025-05-31,2025-06-16,2025-07-13,Lost,Lost,Medium,40094.0,Partner,"APAC Sales",Budget
580,50,2026-01-26,2026-02-06,2026-02-28,2026-03-14,Won,Won,Medium,41210.0,Partner,"EMEA Sales",
581,67,2025-06-12,2025-06-27,2025-07-17,,Proposal,Open,Medium,42326.0,Outbound,"NA Sales",
582,84,2026-02-19,2026-03-05,,,Qualified,Open,Large,139186.0,Inbound,"APAC Sales",
583,101,2025-07-06,,,,Lead,Open,Medium,44558.0,Partner,"EMEA Sales",
584,118,2026-03-15,,,,Lead,Open,Small,12882.0,Inbound,"NA Sales",
585,135,2025-07-30,2025-08-03,,,Qualified,Open,Large,144370.0,Outbound,"LATAM Sales",
586,152,2026-04-08,2026-04-18,2026-05-16,2026-06-21,Lost,Lost,Small,14358.0,Outbound,"EMEA Sales",Competitor
587,169,2025-08-23,2025-08-28,2025-09-11,2025-10-17,Won,Won,Medium,49022.0,Outbound,"EMEA Sales",
588,186,2025-01-07,2025-01-18,2025-02-01,2025-03-09,Lost,Lost,Large,149554.0,Outbound,"NA Sales",Competitor
589,203,2025-09-16,2025-09-27,2025-10-17,2025-11-09,Lost,Lost,Large,151282.0,Inbound,"APAC Sales",Budget
590,220,2025-01-31,2025-02-03,,,Qualified,Open,Large,153010.0,Event,"EMEA Sales",
591,237,2025-10-10,,,,Lead,Open,Large,154738.0,Inbound,"NA Sales",
592,14,2025-10-22,2025-11-05,2025-11-25,2025-12-18,Lost,Lost,Medium,43322.0,Outbound,"APAC Sales",Competitor
593,31,2025-03-08,2025-03-10,2025-04-05,2025-05-20,Lost,Lost,Medium,44438.0,Partner,"EMEA Sales",Budget
594,48,2025-11-15,2025-11-25,,,Qualified,Open,Small,12822.0,Partner,"NA Sales",
595,65,2025-04-01,2025-04-04,,,Qualified,Open,Small,13560.0,Partner,"APAC Sales",
596,82,2025-12-09,2025-12-11,,,Qualified,Open,Medium,47786.0,Outbound,"EMEA Sales",
597,99,2025-04-25,2025-05-01,2025-05-13,2025-06-27,Won,Won,Small,15036.0,Inbound,"NA Sales",
598,116,2026-01-02,,,,Lead,Open,Medium,50018.0,Outbound,"LATAM Sales",
599,133,2025-05-19,,,,Lead,Open,Medium,51134.0,Event,"APAC Sales",
600,150,2026-01-26,,,,Lead,Open,Medium,52250.0,Inbound,"EMEA Sales",
601,167,2025-06-12,2025-06-25,2025-07-17,2025-07-31,Won,Won,Small,17988.0,Inbound,"NA Sales",
602,184,2026-02-19,,,,Lead,Open,Medium,54482.0,Inbound,"APAC Sales",
603,201,2025-07-06,,,,Lead,Open,Small,19464.0,Inbound,"EMEA Sales",
604,218,2026-03-15,,,,Lead,Open,Small,20202.0,Partner,"NA Sales",
605,235,2025-07-30,2025-08-04,2025-08-18,2025-09-23,Lost,Lost,Medium,57830.0,Inbound,"LATAM Sales",Budget
606,12,2025-08-11,2025-08-25,2025-09-16,2025-09-30,Lost,Lost,Medium,47666.0,Outbound,"EMEA Sales",Competitor
607,29,2026-04-20,2026-04-22,2026-05-12,2026-06-04,Won,Won,Small,14976.0,Partner,"NA Sales",
608,46,2025-09-04,2025-09-14,2025-09-22,2025-11-10,Won,Won,Medium,49898.0,Event,"APAC Sales",
609,63,2025-01-19,,,,Lead,Open,Large,151762.0,Event,"EMEA Sales",
610,80,2025-09-28,2025-10-11,2025-10-23,2025-12-07,Won,Won,Small,17190.0,Partner,"NA Sales",
611,97,2025-02-12,2025-02-27,2025-03-15,2025-04-11,Lost,Lost,Medium,53246.0,Outbound,"LATAM Sales",Budget
612,114,2025-10-22,2025-10-24,2025-11-21,2025-12-27,Won,Won,Medium,54362.0,Inbound,"APAC Sales",
613,131,2025-03-08,2025-03-17,,,Qualified,Open,Small,19404.0,Outbound,"EMEA Sales",
614,148,2025-11-15,,,,Lead,Open,Medium,56594.0,Partner,"NA Sales",
615,165,2025-04-01,2025-04-06,2025-05-06,2025-06-02,Lost,Lost,Large,162130.0,Event,"APAC Sales",Budget
616,182,2025-12-09,2025-12-17,,,Qualified,Open,Small,21618.0,Inbound,"EMEA Sales",
617,199,2025-04-25,2025-04-28,2025-05-14,2025-06-10,Won,Won,Small,22356.0,Event,"NA Sales",
618,216,2026-01-02,2026-01-10,2026-01-30,2026-02-22,Won,Won,Large,167314.0,Outbound,"LATAM Sales",
619,233,2025-05-19,2025-05-27,2025-06-16,2025-07-09,Won,Won,Small,23832.0,Inbound,"APAC Sales",
620,10,2025-05-31,,,,Lead,Open,Small,17130.0,Partner,"NA Sales",
621,27,2026-02-07,2026-02-21,2026-03-01,2026-04-19,Lost,Lost,Large,155458.0,Event,"APAC Sales",Budget
622,44,2025-06-24,2025-07-04,,,Qualified,Open,Large,157186.0,Inbound,"EMEA Sales",
623,61,2026-03-03,2026-03-15,,,Qualified,Open,Medium,55358.0,Inbound,"NA Sales",
624,78,2025-07-18,2025-07-26,2025-08-07,2025-09-21,Lost,Lost,Large,160642.0,Inbound,"NA Sales",Competitor
625,95,2026-03-27,,,,Lead,Open,Medium,57590.0,Event,"APAC Sales",
626,112,2025-08-11,2025-08-19,2025-09-08,2025-10-01,Won,Won,Small,21558.0,Outbound,"EMEA Sales",
627,129,2026-04-20,,,,Lead,Open,Small,22296.0,Inbound,"NA Sales",
628,146,2025-09-04,2025-09-17,,,Qualified,Open,Small,23034.0,Outbound,"APAC Sales",
629,163,2025-01-19,2025-01-27,2025-02-16,2025-03-11,Won,Won,Medium,62054.0,Partner,"EMEA Sales",
630,180,2025-09-28,2025-10-07,2025-11-06,2025-12-03,Won,Won,Small,24510.0,Partner,"NA Sales",
631,197,2025-02-12,2025-02-18,2025-03-02,2025-04-16,Lost,Lost,Medium,64286.0,Partner,"LATAM Sales",Budget
632,214,2025-10-22,2025-10-31,,,Qualified,Open,Medium,65402.0,Outbound,"APAC Sales",
633,231,2025-03-08,2025-03-14,2025-03-26,2025-05-10,Lost,Lost,Large,176194.0,Inbound,"EMEA Sales",Budget
634,8,2025-03-20,,,,Lead,Open,Large,160882.0,Partner,"LATAM Sales",
635,25,2025-11-27,,,,Lead,Open,Medium,57470.0,Inbound,"EMEA Sales",
636,42,2025-04-13,2025-04-16,2025-05-22,2025-06-05,Lost,Lost,Medium,58586.0,Outbound,"NA Sales",Competitor
637,59,2025-12-21,,,,Lead,Open,Medium,59702.0,Outbound,"NA Sales",
638,76,2025-05-07,,,,Lead,Open,Medium,60818.0,Outbound,"APAC Sales",
639,93,2026-01-14,2026-01-17,,,Qualified,Open,Small,23712.0,Outbound,"EMEA Sales",
640,110,2025-05-31,2025-06-15,2025-07-05,2025-07-28,Won,Won,Large,171250.0,Inbound,"NA Sales",
641,127,2026-02-07,2026-02-12,,,Qualified,Open,Large,172978.0,Partner,"APAC Sales",
642,144,2025-06-24,2025-06-27,,,Qualified,Open,Large,174706.0,Inbound,"EMEA Sales",
643,161,2026-03-03,2026-03-13,2026-03-21,2026-05-09,Won,Won,Small,26664.0,Outbound,"NA Sales",
644,178,2025-07-18,2025-07-28,2025-08-17,2025-09-09,Won,Won,Medium,67514.0,Partner,"NA Sales",
645,195,2026-03-27,2026-04-01,2026-04-29,2026-06-04,Won,Won,Medium,68630.0,Partner,"APAC Sales",
646,212,2025-08-11,2025-08-19,2025-09-16,2025-10-22,Lost,Lost,Medium,69746.0,Partner,"EMEA Sales",Competitor
647,229,2026-04-20,2026-04-25,2026-05-29,2026-06-21,Lost,Lost,Medium,70862.0,Outbound,"NA Sales",Budget
648,6,2025-01-07,2025-01-16,2025-02-15,2025-03-14,Lost,Lost,Large,168034.0,Inbound,"APAC Sales",Competitor
649,23,2025-09-16,2025-09-24,,,Qualified,Open,Medium,61814.0,Outbound,"EMEA Sales",
650,40,2025-01-31,2025-02-13,,,Qualified,Open,Small,24390.0,Event,"NA Sales",
651,57,2025-10-10,2025-10-22,2025-11-03,,Proposal,Open,Small,25128.0,Inbound,"APAC Sales",
652,74,2025-02-24,,,,Lead,Open,Medium,65162.0,Inbound,"EMEA Sales",
653,91,2025-11-03,2025-11-13,2025-11-25,2026-01-09,Lost,Lost,Small,26604.0,Inbound,"NA Sales",Budget
654,108,2025-03-20,2025-03-23,2025-04-12,2025-05-05,Won,Won,Medium,67394.0,Event,"LATAM Sales",
655,125,2025-11-27,,,,Lead,Open,Medium,68510.0,Outbound,"EMEA Sales",
656,142,2025-04-13,2025-04-16,2025-05-02,2025-05-29,Won,Won,Medium,69626.0,Inbound,"NA Sales",
657,159,2025-12-21,2025-12-30,2026-01-13,2026-02-18,Lost,Lost,Small,29556.0,Outbound,"NA Sales",Budget
658,176,2025-05-07,2025-05-17,2025-05-25,,Proposal,Open,Medium,71858.0,Partner,"APAC Sales",
659,193,2026-01-14,2026-01-16,2026-02-15,2026-03-14,Lost,Lost,Medium,72974.0,Partner,"EMEA Sales",Budget
660,210,2025-05-31,2025-06-05,2025-06-27,2025-08-15,Lost,Lost,Medium,74090.0,Partner,"NA Sales",Competitor
661,227,2026-02-07,2026-02-20,,,Qualified,Open,Large,190498.0,Outbound,"APAC Sales",
662,4,2026-02-19,2026-02-22,2026-03-24,2026-04-20,Won,Won,Medium,65042.0,Inbound,"EMEA Sales",
663,21,2025-07-06,,,,Lead,Open,Small,26544.0,Event,"NA Sales",
664,38,2026-03-15,2026-03-20,2026-04-05,2026-05-02,Lost,Lost,Small,27282.0,Inbound,"APAC Sales",Competitor
665,55,2025-07-30,2025-08-03,2025-08-25,2025-10-13,Won,Won,Small,28020.0,Outbound,"EMEA Sales",
666,72,2026-04-08,2026-04-19,2026-05-09,2026-06-01,Lost,Lost,Medium,69506.0,Partner,"NA Sales",Competitor
667,89,2025-08-23,2025-09-02,2025-09-16,2025-10-22,Won,Won,Small,29496.0,Partner,"LATAM Sales",
668,106,2025-01-07,2025-01-13,2025-01-27,2025-03-04,Won,Won,Large,185554.0,Outbound,"APAC Sales",
669,123,2025-09-16,2025-09-23,2025-10-21,2025-11-26,Won,Won,Medium,72854.0,Outbound,"EMEA Sales",
670,140,2025-01-31,2025-02-03,2025-02-19,2025-03-18,Won,Won,Medium,73970.0,Event,"NA Sales",
671,157,2025-10-10,,,,Lead,Open,Small,14448.0,Outbound,"APAC Sales",
672,174,2025-02-24,2025-03-03,2025-03-17,2025-04-22,Lost,Lost,Medium,76202.0,Partner,"EMEA Sales",Competitor
673,191,2025-11-03,2025-11-16,2025-11-30,2026-01-05,Lost,Lost,Medium,77318.0,Event,"NA Sales",Budget
674,208,2025-03-20,2025-04-02,2025-04-22,,Proposal,Open,Medium,78434.0,Inbound,"LATAM Sales",
675,225,2025-11-27,2025-12-05,,,Qualified,Open,Medium,79550.0,Event,"EMEA Sales",
676,2,2025-12-09,2025-12-20,,,Qualified,Open,Medium,69386.0,Outbound,"NA Sales",
677,19,2025-04-25,2025-04-30,,,Qualified,Open,Small,29436.0,Inbound,"APAC Sales",
678,36,2026-01-02,2026-01-10,2026-01-26,2026-02-22,Lost,Lost,Small,12174.0,Partner,"EMEA Sales",Competitor
679,53,2025-05-19,2025-05-26,2025-06-09,2025-07-15,Won,Won,Small,12912.0,Inbound,"NA Sales",
680,70,2026-01-26,2026-02-07,2026-02-23,2026-03-22,Lost,Lost,Medium,73850.0,Outbound,"LATAM Sales",Competitor
681,87,2025-06-12,2025-06-25,2025-07-07,2025-08-21,Lost,Lost,Small,14388.0,Outbound,"APAC Sales",Budget
682,104,2026-02-19,2026-02-23,2026-03-11,2026-04-07,Lost,Lost,Medium,76082.0,Outbound,"EMEA Sales",Competitor
683,121,2025-07-06,2025-07-14,,,Qualified,Open,Medium,77198.0,Inbound,"NA Sales",
684,138,2026-03-15,,,,Lead,Open,Medium,78314.0,Event,"APAC Sales",
685,155,2025-07-30,,,,Lead,Open,Small,17340.0,Outbound,"EMEA Sales",
686,172,2026-04-08,2026-04-10,,,Qualified,Open,Large,199618.0,Event,"NA Sales",
687,189,2025-08-23,2025-08-31,2025-09-20,2025-10-13,Won,Won,Medium,36662.0,Inbound,"LATAM Sales",
688,206,2025-01-07,2025-01-13,2025-02-12,2025-03-11,Lost,Lost,Medium,37778.0,Inbound,"APAC Sales",Competitor
689,223,2025-09-16,2025-09-30,2025-10-20,2025-11-12,Won,Won,Medium,38894.0,Inbound,"EMEA Sales",
690,240,2025-01-31,,,,Lead,Open,Small,21030.0,Inbound,"NA Sales",
691,17,2025-02-12,2025-02-21,2025-03-21,2025-04-26,Lost,Lost,Medium,74846.0,Partner,"EMEA Sales",Budget
692,34,2025-10-22,2025-11-05,2025-11-17,,Proposal,Open,Small,15066.0,Outbound,"NA Sales",
693,51,2025-03-08,2025-03-16,2025-03-30,2025-05-05,Lost,Lost,Small,15804.0,Partner,"NA Sales",Budget
694,68,2025-11-15,,,,Lead,Open,Medium,78194.0,Inbound,"APAC Sales",
695,85,2025-04-01,2025-04-13,2025-04-21,2025-06-09,Won,Won,Small,17280.0,Inbound,"EMEA Sales",
696,102,2025-12-09,2025-12-14,2025-12-28,2026-02-02,Lost,Lost,Medium,35426.0,Inbound,"NA Sales",Competitor
697,119,2025-04-25,2025-05-01,2025-05-13,2025-06-27,Won,Won,Medium,36542.0,Inbound,"APAC Sales",
698,136,2026-01-02,,,,Lead,Open,Large,203314.0,Event,"EMEA Sales",
699,153,2025-05-19,2025-06-02,2025-06-24,2025-07-08,Won,Won,Small,20232.0,Outbound,"NA Sales",
700,170,2026-01-26,2026-02-07,2026-02-21,2026-03-29,Lost,Lost,Medium,39890.0,Inbound,"LATAM Sales",Competitor
701,187,2025-06-12,2025-06-27,2025-07-17,2025-08-09,Lost,Lost,Medium,41006.0,Outbound,"APAC Sales",Budget
702,204,2026-02-19,,,,Lead,Open,Medium,42122.0,Outbound,"EMEA Sales",
703,221,2025-07-06,2025-07-11,2025-08-10,2025-09-06,Won,Won,Large,211954.0,Partner,"NA Sales",
704,238,2026-03-15,2026-03-20,2026-04-19,2026-05-16,Won,Won,Small,23922.0,Outbound,"APAC Sales",
705,15,2026-03-27,,,,Lead,Open,Medium,79190.0,Inbound,"NA Sales",
706,32,2025-08-11,2025-08-24,2025-08-30,2025-10-27,Won,Won,Medium,35306.0,Event,"NA Sales",
707,49,2026-04-20,2026-04-30,,,Qualified,Open,Medium,36422.0,Outbound,"APAC Sales",
708,66,2025-09-04,2025-09-16,,,Qualified,Open,Medium,37538.0,Event,"EMEA Sales",
709,83,2025-01-19,2025-01-30,2025-02-21,2025-03-07,Lost,Lost,Small,20172.0,Inbound,"NA Sales",Budget
710,100,2025-09-28,2025-10-13,2025-10-19,2025-12-16,Lost,Lost,Large,207010.0,Inbound,"APAC Sales",Competitor
711,117,2025-02-12,2025-02-26,2025-03-06,,Proposal,Open,Large,208738.0,Inbound,"EMEA Sales",
712,134,2025-10-22,2025-10-29,2025-11-14,2025-12-11,Lost,Lost,Small,22386.0,Inbound,"NA Sales",Competitor
713,151,2025-03-08,2025-03-16,2025-04-01,2025-04-28,Lost,Lost,Medium,43118.0,Partner,"NA Sales",Budget
714,168,2025-11-15,2025-11-18,,,Qualified,Open,Small,23862.0,Inbound,"APAC Sales",
715,185,2025-04-01,,,,Lead,Open,Medium,45350.0,Partner,"EMEA Sales",
716,202,2025-12-09,,,,Lead,Open,Medium,46466.0,Event,"NA Sales",
717,219,2025-04-25,2025-05-02,,,Qualified,Open,Small,26076.0,Inbound,"APAC Sales",
718,236,2026-01-02,2026-01-09,2026-01-23,2026-02-28,Won,Won,Medium,48698.0,Inbound,"EMEA Sales",
719,13,2026-01-14,2026-01-27,2026-02-02,2026-04-01,Lost,Lost,Large,205522.0,Event,"NA Sales",Budget
720,30,2025-05-31,,,,Lead,Open,Medium,39650.0,Partner,"APAC Sales",
721,47,2026-02-07,2026-02-14,,,Qualified,Open,Medium,40766.0,Inbound,"EMEA Sales",
722,64,2025-06-24,2025-07-03,2025-07-19,2025-08-15,Lost,Lost,Large,210706.0,Partner,"NA Sales",Competitor
723,81,2026-03-03,2026-03-08,2026-03-30,,Proposal,Open,Medium,42998.0,Inbound,"LATAM Sales",
724,98,2025-07-18,2025-07-30,2025-08-19,2025-09-11,Lost,Lost,Small,23802.0,Inbound,"EMEA Sales",Competitor
725,115,2026-03-27,,,,Lead,Open,Small,24540.0,Inbound,"NA Sales",
726,132,2025-08-11,2025-08-26,2025-09-17,2025-10-01,Lost,Lost,Small,25278.0,Inbound,"NA Sales",Competitor
727,149,2026-04-20,2026-05-03,2026-05-17,2026-06-22,Won,Won,Medium,47462.0,Event,"APAC Sales",
728,166,2025-09-04,2025-09-12,2025-09-24,2025-11-08,Lost,Lost,Small,26754.0,Outbound,"EMEA Sales",Competitor
729,183,2025-01-19,2025-01-28,2025-02-11,2025-03-19,Lost,Lost,Small,27492.0,Inbound,"NA Sales",Budget
730,200,2025-09-28,2025-10-02,2025-10-24,2025-12-12,Won,Won,Small,28230.0,Outbound,"APAC Sales",
731,217,2025-02-12,2025-02-19,2025-03-13,2025-05-01,Won,Won,Medium,51926.0,Partner,"EMEA Sales",
732,234,2025-10-22,2025-10-29,2025-11-26,2026-01-01,Won,Won,Large,97986.0,Partner,"NA Sales",
733,11,2025-11-03,2025-11-16,,,Qualified,Open,Large,212674.0,Partner,"APAC Sales",
734,28,2025-03-20,2025-03-30,2025-04-27,2025-06-02,Won,Won,Medium,43994.0,Outbound,"EMEA Sales",
735,45,2025-11-27,2025-12-01,2025-12-29,2026-02-03,Lost,Lost,Large,216130.0,Inbound,"NA Sales",Budget
736,62,2025-04-13,2025-04-19,2025-05-09,2025-06-01,Lost,Lost,Small,25218.0,Partner,"LATAM Sales",Competitor
737,79,2025-12-21,2026-01-04,,,Qualified,Open,Large,219586.0,Inbound,"APAC Sales",
738,96,2025-05-07,,,,Lead,Open,Medium,48458.0,Inbound,"EMEA Sales",
739,113,2026-01-14,,,,Lead,Open,Medium,49574.0,Outbound,"NA Sales",
740,130,2025-05-31,2025-06-04,,,Qualified,Open,Medium,50690.0,Outbound,"APAC Sales",
741,147,2026-02-07,2026-02-12,2026-03-18,2026-04-10,Lost,Lost,Small,28908.0,Inbound,"EMEA Sales",Budget
742,164,2025-06-24,2025-07-03,,,Qualified,Open,Medium,52922.0,Event,"NA Sales",
743,181,2026-03-03,2026-03-13,,,Qualified,Open,Medium,54038.0,Outbound,"LATAM Sales",
744,198,2025-07-18,2025-07-23,2025-08-08,2025-09-04,Won,Won,Medium,55154.0,Inbound,"EMEA Sales",
745,215,2026-03-27,,,,Lead,Open,Medium,56270.0,Inbound,"NA Sales",
746,232,2025-08-11,2025-08-16,2025-09-13,2025-10-19,Won,Won,Small,14598.0,Outbound,"NA Sales",
747,9,2025-08-23,,,,Lead,Open,Small,25896.0,Outbound,"EMEA Sales",
748,26,2025-01-07,2025-01-15,,,Qualified,Open,Small,26634.0,Inbound,"NA Sales",
749,43,2025-09-16,2025-09-29,2025-10-11,2025-11-25,Lost,Lost,Small,27372.0,Inbound,"LATAM Sales",Budget
750,60,2025-01-31,2025-02-13,2025-02-21,2025-04-11,Lost,Lost,Medium,50570.0,Outbound,"APAC Sales",Competitor
751,77,2025-10-10,2025-10-19,2025-11-08,2025-12-01,Won,Won,Small,28848.0,Inbound,"EMEA Sales",
752,94,2025-02-24,2025-03-04,2025-03-18,2025-04-23,Lost,Lost,Large,98466.0,Outbound,"NA Sales",Competitor
753,111,2025-11-03,2025-11-07,2025-11-21,2025-12-27,Won,Won,Medium,53918.0,Partner,"APAC Sales",
754,128,2025-03-20,2025-03-28,,,Qualified,Open,Large,101922.0,Partner,"EMEA Sales",
755,145,2025-11-27,2025-12-01,,,Qualified,Open,Medium,56150.0,Partner,"NA Sales",
756,162,2025-04-13,2025-04-26,2025-05-02,2025-06-29,Lost,Lost,Large,105378.0,Outbound,"LATAM Sales",Competitor
757,179,2025-12-21,2026-01-01,,,Qualified,Open,Large,107106.0,Inbound,"APAC Sales",
758,196,2025-05-07,,,,Lead,Open,Large,108834.0,Outbound,"EMEA Sales",
759,213,2026-01-14,,,,Lead,Open,Small,16752.0,Event,"NA Sales",
760,230,2025-05-31,2025-06-15,2025-07-07,2025-07-21,Won,Won,Medium,61730.0,Inbound,"APAC Sales",
761,7,2025-06-12,2025-06-17,2025-07-03,2025-07-30,Won,Won,Medium,51566.0,Inbound,"NA Sales",
762,24,2026-02-19,2026-02-21,,,Qualified,Open,Medium,52682.0,Inbound,"NA Sales",
763,41,2025-07-06,2025-07-13,2025-08-12,2025-09-08,Lost,Lost,Large,100434.0,Inbound,"APAC Sales",Budget
764,58,2026-03-15,2026-03-21,2026-04-18,2026-05-24,Lost,Lost,Small,13002.0,Partner,"EMEA Sales",Competitor
765,75,2025-07-30,2025-08-10,2025-08-18,2025-10-06,Lost,Lost,Large,103890.0,Inbound,"NA Sales",Budget
766,92,2026-04-08,2026-04-21,,,Qualified,Open,Small,14478.0,Partner,"APAC Sales",
767,109,2025-08-23,2025-08-29,2025-09-28,2025-10-25,Lost,Lost,Small,15216.0,Event,"EMEA Sales",Budget
768,126,2025-01-07,2025-01-17,2025-01-31,2025-03-08,Won,Won,Medium,59378.0,Inbound,"NA Sales",
769,143,2025-09-16,2025-09-22,2025-10-08,2025-11-04,Lost,Lost,Medium,60494.0,Inbound,"LATAM Sales",Budget
770,160,2025-01-31,2025-02-12,2025-03-04,2025-03-27,Lost,Lost,Medium,61610.0,Event,"APAC Sales",Competitor
771,177,2025-10-10,2025-10-20,2025-11-09,2025-12-02,Won,Won,Small,18168.0,Partner,"EMEA Sales",
772,194,2025-02-24,,,,Lead,Open,Small,18906.0,Inbound,"NA Sales",
773,211,2025-11-03,2025-11-06,2025-12-12,2025-12-26,Won,Won,Medium,64958.0,Partner,"APAC Sales",
774,228,2025-03-20,2025-03-29,2025-04-14,2025-05-11,Won,Won,Small,20382.0,Inbound,"EMEA Sales",
775,5,2025-04-01,2025-04-13,,,Qualified,Open,Small,13680.0,Inbound,"NA Sales",
776,22,2025-12-09,2025-12-18,2025-12-30,2026-02-13,Lost,Lost,Small,14418.0,Inbound,"APAC Sales",Competitor
777,39,2025-04-25,2025-05-07,2025-05-15,2025-07-03,Won,Won,Small,15156.0,Inbound,"EMEA Sales",
778,56,2026-01-02,2026-01-13,2026-02-02,2026-02-25,Lost,Lost,Medium,59258.0,Partner,"NA Sales",Competitor
779,73,2025-05-19,2025-05-21,2025-06-18,2025-07-24,Won,Won,Small,16632.0,Outbound,"APAC Sales",
780,90,2026-01-26,2026-02-10,,,Qualified,Open,Medium,61490.0,Event,"EMEA Sales",
781,107,2025-06-12,,,,Lead,Open,Medium,62606.0,Inbound,"NA Sales",
782,124,2026-02-19,,,,Lead,Open,Large,116226.0,Outbound,"NA Sales",
783,141,2025-07-06,2025-07-11,,,Qualified,Open,Medium,64838.0,Outbound,"APAC Sales",
784,158,2026-03-15,2026-03-24,2026-04-13,2026-05-06,Lost,Lost,Large,119682.0,Outbound,"EMEA Sales",Competitor
785,175,2025-07-30,2025-08-06,2025-08-18,2025-10-02,Won,Won,Large,121410.0,Inbound,"NA Sales",
786,192,2026-04-08,2026-04-19,2026-04-27,,Proposal,Open,Medium,68186.0,Event,"APAC Sales",
787,209,2025-08-23,,,,Lead,Open,Small,22536.0,Outbound,"EMEA Sales",
788,226,2025-01-07,2025-01-10,2025-02-07,2025-03-15,Won,Won,Medium,70418.0,Event,"NA Sales",
789,3,2025-01-19,2025-01-23,2025-02-06,2025-03-14,Lost,Lost,Large,111282.0,Inbound,"APAC Sales",Budget
790,20,2025-09-28,2025-10-10,2025-10-16,2025-12-13,Lost,Lost,Large,113010.0,Inbound,"EMEA Sales",Competitor
791,37,2025-02-12,,,,Lead,Open,Large,114738.0,Inbound,"NA Sales",
792,54,2025-10-22,2025-11-05,2025-11-25,2025-12-18,Won,Won,Small,18786.0,Inbound,"LATAM Sales",
793,71,2025-03-08,2025-03-10,2025-03-30,2025-04-22,Lost,Lost,Medium,64718.0,Partner,"EMEA Sales",Budget
794,88,2025-11-15,2025-11-30,2025-12-20,2026-01-12,Won,Won,Medium,65834.0,Inbound,"NA Sales",
795,105,2025-04-01,,,,Lead,Open,Medium,66950.0,Partner,"NA Sales",
796,122,2025-12-09,2025-12-19,2026-01-08,2026-01-31,Won,Won,Medium,68066.0,Inbound,"APAC Sales",
797,139,2025-04-25,2025-04-28,2025-05-26,2025-07-01,Lost,Lost,Large,125106.0,Inbound,"EMEA Sales",Budget
798,156,2026-01-02,2026-01-06,2026-02-03,2026-03-11,Won,Won,Medium,70298.0,Inbound,"NA Sales",
799,173,2025-05-19,,,,Lead,Open,Medium,71414.0,Inbound,"APAC Sales",
800,190,2026-01-26,2026-01-29,2026-02-20,,Proposal,Open,Medium,72530.0,Partner,"EMEA Sales",
801,207,2025-06-12,2025-06-15,2025-07-11,2025-08-25,Won,Won,Medium,73646.0,Outbound,"NA Sales",
802,224,2026-02-19,2026-02-28,2026-03-12,2026-04-26,Won,Won,Small,26166.0,Event,"NA Sales",
803,1,2026-03-03,2026-03-13,2026-03-25,2026-05-09,Lost,Lost,Medium,64598.0,Inbound,"EMEA Sales",Budget
804,18,2025-07-18,2025-07-20,,,Qualified,Open,Small,20202.0,Inbound,"NA Sales",
805,35,2026-03-27,2026-03-31,,,Qualified,Open,Medium,66830.0,Outbound,"LATAM Sales",
806,52,2025-08-11,2025-08-26,2025-09-01,2025-10-29,Won,Won,Medium,67946.0,Inbound,"EMEA Sales",
807,69,2026-04-20,2026-04-23,2026-05-13,2026-06-05,Won,Won,Small,22416.0,Inbound,"EMEA Sales",
808,86,2025-09-04,2025-09-06,2025-10-02,2025-11-16,Won,Won,Small,23154.0,Partner,"NA Sales",
809,103,2025-01-19,2025-01-23,2025-02-06,2025-03-14,Lost,Lost,Small,23892.0,Inbound,"APAC Sales",Budget
810,120,2025-09-28,2025-10-01,2025-10-31,2025-11-27,Won,Won,Small,24630.0,Outbound,"EMEA Sales",
811,137,2025-02-12,2025-02-22,,,Qualified,Open,Large,132258.0,Partner,"NA Sales",
812,154,2025-10-22,,,,Lead,Open,Small,26106.0,Event,"LATAM Sales",
813,171,2025-03-08,,,,Lead,Open,Small,26844.0,Partner,"EMEA Sales",
814,188,2025-11-15,2025-11-25,,,Qualified,Open,Small,27582.0,Partner,"NA Sales",
815,205,2025-04-01,2025-04-09,2025-04-25,2025-05-22,Lost,Lost,Medium,77990.0,Inbound,"NA Sales",Budget
816,222,2025-12-09,2025-12-20,2026-01-05,2026-02-01,Lost,Lost,Large,140898.0,Event,"APAC Sales",Competitor
817,239,2025-04-25,2025-05-06,2025-05-28,2025-06-11,Won,Won,Medium,35222.0,Inbound,"EMEA Sales",
818,16,2025-05-07,2025-05-10,,,Qualified,Open,Small,23094.0,Outbound,"LATAM Sales",
819,33,2026-01-14,2026-01-17,2026-02-22,2026-03-08,Lost,Lost,Small,23832.0,Outbound,"APAC Sales",Budget
820,50,2025-05-31,2025-06-11,2025-07-03,2025-07-17,Won,Won,Medium,72290.0,Outbound,"EMEA Sales",
821,67,2026-02-07,2026-02-09,2026-03-09,2026-04-14,Won,Won,Large,132498.0,Outbound,"NA Sales",
822,84,2025-06-24,,,,Lead,Open,Medium,74522.0,Inbound,"APAC Sales",
823,101,2026-03-03,2026-03-17,2026-03-31,2026-05-06,Won,Won,Medium,75638.0,Partner,"EMEA Sales",
824,118,2025-07-18,2025-07-31,2025-08-22,,Proposal,Open,Large,137682.0,Inbound,"NA Sales",
825,135,2026-03-27,2026-04-02,2026-04-16,2026-05-22,Won,Won,Medium,77870.0,Outbound,"LATAM Sales",
826,152,2025-08-11,,,,Lead,Open,Small,28998.0,Partner,"EMEA Sales",
827,169,2026-04-20,2026-05-04,2026-05-12,2026-06-30,Lost,Lost,Medium,35102.0,Partner,"EMEA Sales",Budget
828,186,2025-09-04,2025-09-07,2025-10-03,2025-11-17,Won,Won,Large,144594.0,Outbound,"NA Sales",
829,203,2025-01-19,2025-01-31,2025-02-12,2025-03-29,Lost,Lost,Small,13212.0,Outbound,"APAC Sales",Budget
830,220,2025-09-28,,,,Lead,Open,Large,148050.0,Event,"EMEA Sales",
831,237,2025-02-12,2025-02-25,2025-03-11,2025-04-16,Won,Won,Small,14688.0,Outbound,"NA Sales",
832,14,2025-02-24,2025-02-27,2025-03-15,2025-04-11,Won,Won,Medium,74402.0,Partner,"APAC Sales",
833,31,2025-11-03,,,,Lead,Open,Large,136194.0,Event,"EMEA Sales",
834,48,2025-03-20,2025-03-30,2025-04-11,,Proposal,Open,Small,27462.0,Event,"NA Sales",
835,65,2025-11-27,,,,Lead,Open,Large,139650.0,Event,"APAC Sales",
836,82,2025-04-13,,,,Lead,Open,Large,141378.0,Partner,"EMEA Sales",
837,99,2025-12-21,2025-12-29,,,Qualified,Open,Medium,79982.0,Outbound,"NA Sales",
838,116,2025-05-07,2025-05-14,2025-05-28,2025-07-03,Lost,Lost,Medium,36098.0,Event,"LATAM Sales",Competitor
839,133,2026-01-14,2026-01-25,2026-02-22,2026-03-30,Lost,Lost,Small,13152.0,Inbound,"APAC Sales",Budget
840,150,2025-05-31,2025-06-10,2025-06-26,2025-07-23,Won,Won,Medium,38330.0,Outbound,"EMEA Sales",
841,167,2026-02-07,2026-02-09,2026-03-01,,Proposal,Open,Medium,39446.0,Outbound,"NA Sales",
842,184,2025-06-24,2025-06-27,,,Qualified,Open,Medium,40562.0,Outbound,"APAC Sales",
843,201,2026-03-03,2026-03-15,2026-03-21,2026-05-18,Lost,Lost,Large,153474.0,Outbound,"EMEA Sales",Budget
844,218,2025-07-18,2025-08-02,2025-08-14,2025-09-28,Lost,Lost,Medium,42794.0,Inbound,"NA Sales",Competitor
845,235,2026-03-27,2026-04-06,,,Qualified,Open,Small,17580.0,Partner,"LATAM Sales",
846,12,2026-04-08,,,,Lead,Open,Medium,78746.0,Inbound,"EMEA Sales",
847,29,2025-08-23,2025-09-06,2025-09-22,2025-10-19,Won,Won,Medium,79862.0,Inbound,"NA Sales",
848,46,2025-01-07,2025-01-12,2025-02-03,2025-03-24,Lost,Lost,Small,12354.0,Outbound,"APAC Sales",Competitor
849,63,2025-09-16,,,,Lead,Open,Medium,37094.0,Outbound,"EMEA Sales",
850,80,2025-01-31,2025-02-15,2025-03-09,2025-03-23,Lost,Lost,Medium,38210.0,Inbound,"NA Sales",Competitor
851,97,2025-10-10,2025-10-24,2025-11-01,2025-12-20,Lost,Lost,Medium,39326.0,Inbound,"LATAM Sales",Budget
852,114,2025-02-24,2025-03-06,2025-03-28,2025-04-11,Lost,Lost,Medium,40442.0,Partner,"APAC Sales",Competitor
853,131,2025-11-03,2025-11-06,2025-11-26,2025-12-19,Won,Won,Small,16044.0,Inbound,"EMEA Sales",
854,148,2025-03-20,2025-04-02,2025-04-10,2025-05-29,Lost,Lost,Large,155442.0,Outbound,"NA Sales",Competitor
855,165,2025-11-27,2025-11-30,,,Qualified,Open,Medium,43790.0,Outbound,"APAC Sales",
856,182,2025-04-13,2025-04-17,,,Qualified,Open,Large,158898.0,Partner,"EMEA Sales",
857,199,2025-12-21,2025-12-31,2026-01-08,2026-02-26,Lost,Lost,Medium,46022.0,Outbound,"NA Sales",Budget
858,216,2025-05-07,2025-05-20,,,Qualified,Open,Medium,47138.0,Outbound,"LATAM Sales",
859,233,2026-01-14,2026-01-22,,,Qualified,Open,Small,20472.0,Event,"APAC Sales",
860,10,2026-01-26,2026-02-07,2026-02-23,2026-03-22,Won,Won,Medium,38090.0,Outbound,"NA Sales",
861,27,2025-06-12,,,,Lead,Open,Large,150498.0,Partner,"APAC Sales",
862,44,2026-02-19,2026-03-05,2026-03-19,2026-04-24,Lost,Lost,Small,15246.0,Inbound,"EMEA Sales",Competitor
863,61,2025-07-06,2025-07-17,2025-08-02,2025-08-29,Won,Won,Medium,41438.0,Inbound,"NA Sales",
864,78,2026-03-15,2026-03-22,2026-04-03,2026-05-18,Won,Won,Medium,42554.0,Inbound,"NA Sales",
865,95,2025-07-30,,,,Lead,Open,Medium,43670.0,Partner,"APAC Sales",
866,112,2026-04-08,2026-04-22,2026-05-08,2026-06-04,Won,Won,Medium,44786.0,Outbound,"EMEA Sales",
867,129,2025-08-23,2025-08-27,2025-09-24,2025-10-30,Won,Won,Large,160866.0,Inbound,"NA Sales",
868,146,2025-01-07,2025-01-21,2025-01-29,2025-03-19,Lost,Lost,Medium,47018.0,Outbound,"APAC Sales",Competitor
869,163,2025-09-16,2025-09-20,,,Qualified,Open,Medium,48134.0,Partner,"EMEA Sales",
870,180,2025-01-31,,,,Lead,Open,Medium,49250.0,Partner,"NA Sales",
871,197,2025-10-10,,,,Lead,Open,Medium,50366.0,Partner,"LATAM Sales",
872,214,2025-02-24,2025-03-05,,,Qualified,Open,Small,22626.0,Outbound,"APAC Sales",
873,231,2025-11-03,2025-11-07,2025-11-23,2025-12-20,Won,Won,Small,23364.0,Inbound,"EMEA Sales",
874,8,2025-11-15,2025-11-22,2025-12-04,2026-01-18,Lost,Lost,Medium,42434.0,Event,"LATAM Sales",Competitor
875,25,2025-04-01,2025-04-03,2025-05-03,2025-05-30,Lost,Lost,Medium,43550.0,Inbound,"EMEA Sales",Budget
876,42,2025-12-09,,,,Lead,Open,Large,159378.0,Outbound,"NA Sales",
877,59,2025-04-25,2025-04-29,2025-05-21,2025-07-09,Lost,Lost,Medium,45782.0,Partner,"NA Sales",Budget
878,76,2026-01-02,2026-01-11,,,Qualified,Open,Medium,46898.0,Partner,"APAC Sales",
879,93,2025-05-19,2025-05-27,,,Qualified,Open,Medium,48014.0,Outbound,"EMEA Sales",
880,110,2026-01-26,2026-01-30,2026-02-19,2026-03-14,Won,Won,Large,166290.0,Outbound,"NA Sales",
881,127,2025-06-12,,,,Lead,Open,Large,168018.0,Event,"APAC Sales",
882,144,2026-02-19,2026-03-04,2026-03-20,2026-04-16,Won,Won,Large,169746.0,Outbound,"EMEA Sales",
883,161,2025-07-06,,,,Lead,Open,Medium,52478.0,Partner,"NA Sales",
884,178,2026-03-15,2026-03-30,,,Qualified,Open,Medium,53594.0,Inbound,"NA Sales",
885,195,2025-07-30,2025-08-06,2025-08-18,2025-10-02,Lost,Lost,Large,174930.0,Inbound,"APAC Sales",Budget
886,212,2026-04-08,2026-04-13,2026-05-11,2026-06-16,Won,Won,Medium,55826.0,Event,"EMEA Sales",
887,229,2025-08-23,2025-09-03,2025-09-17,,Proposal,Open,Small,26256.0,Partner,"NA Sales",
888,6,2025-09-04,2025-09-16,2025-09-30,2025-11-05,Won,Won,Medium,46778.0,Outbound,"APAC Sales",
889,23,2025-01-19,,,,Lead,Open,Medium,47894.0,Event,"EMEA Sales",
890,40,2025-09-28,2025-10-10,2025-10-24,,Proposal,Open,Small,21030.0,Inbound,"NA Sales",
891,57,2025-02-12,,,,Lead,Open,Medium,50126.0,Outbound,"APAC Sales",
892,74,2025-10-22,2025-11-02,2025-11-24,2025-12-08,Won,Won,Medium,51242.0,Outbound,"EMEA Sales",
893,91,2025-03-08,,,,Lead,Open,Medium,52358.0,Outbound,"NA Sales",
894,108,2025-11-15,2025-11-30,2025-12-16,2026-01-12,Won,Won,Medium,53474.0,Outbound,"LATAM Sales",
895,125,2025-04-01,,,,Lead,Open,Small,24720.0,Inbound,"EMEA Sales",
896,142,2025-12-09,2025-12-21,2026-01-10,2026-02-02,Won,Won,Medium,55706.0,Outbound,"NA Sales",
897,159,2025-04-25,,,,Lead,Open,Medium,56822.0,Inbound,"NA Sales",
898,176,2026-01-02,,,,Lead,Open,Medium,57938.0,Inbound,"APAC Sales",
899,193,2025-05-19,2025-06-03,,,Qualified,Open,Large,182082.0,Outbound,"EMEA Sales",
900,210,2026-01-26,2026-02-08,2026-02-28,2026-03-23,Lost,Lost,Medium,60170.0,Outbound,"NA Sales",Competitor
901,227,2025-06-12,2025-06-17,,,Qualified,Open,Small,29148.0,Inbound,"APAC Sales",
902,4,2025-06-24,2025-06-28,2025-07-14,2025-08-10,Won,Won,Medium,51122.0,Event,"EMEA Sales",
903,21,2026-03-03,2026-03-15,2026-03-29,2026-05-04,Won,Won,Medium,52238.0,Outbound,"NA Sales",
904,38,2025-07-18,2025-07-30,,,Qualified,Open,Small,23922.0,Event,"APAC Sales",
905,55,2026-03-27,,,,Lead,Open,Medium,54470.0,Inbound,"EMEA Sales",
906,72,2025-08-11,,,,Lead,Open,Large,177138.0,Outbound,"NA Sales",
907,89,2026-04-20,2026-04-30,,,Qualified,Open,Large,178866.0,Outbound,"LATAM Sales",
908,106,2025-09-04,2025-09-19,2025-10-11,2025-10-25,Lost,Lost,Large,180594.0,Outbound,"APAC Sales",Competitor
909,123,2025-01-19,2025-02-02,2025-02-10,2025-03-31,Won,Won,Small,27612.0,Inbound,"EMEA Sales",
910,140,2025-09-28,2025-10-05,2025-10-27,2025-12-15,Lost,Lost,Large,184050.0,Partner,"NA Sales",Competitor
911,157,2025-02-12,2025-02-20,2025-03-20,,Proposal,Open,Medium,61166.0,Inbound,"APAC Sales",
912,174,2025-10-22,2025-10-26,,,Qualified,Open,Medium,62282.0,Outbound,"EMEA Sales",
913,191,2025-03-08,,,,Lead,Open,Small,12564.0,Partner,"NA Sales",
914,208,2025-11-15,,,,Lead,Open,Medium,64514.0,Event,"LATAM Sales",
915,225,2025-04-01,2025-04-10,2025-04-26,2025-05-23,Won,Won,Medium,65630.0,Partner,"EMEA Sales",
916,2,2025-04-13,2025-04-20,,,Qualified,Open,Medium,55466.0,Outbound,"NA Sales",
917,19,2025-12-21,,,,Lead,Open,Small,26076.0,Inbound,"APAC Sales",
918,36,2025-05-07,2025-05-22,,,Qualified,Open,Medium,57698.0,Partner,"EMEA Sales",
919,53,2026-01-14,2026-01-23,2026-02-04,2026-03-21,Won,Won,Large,182562.0,Inbound,"NA Sales",
920,70,2025-05-31,,,,Lead,Open,Medium,59930.0,Outbound,"LATAM Sales",
921,87,2026-02-07,,,,Lead,Open,Medium,61046.0,Outbound,"APAC Sales",
922,104,2025-06-24,,,,Lead,Open,Small,29766.0,Outbound,"EMEA Sales",
923,121,2026-03-03,2026-03-12,2026-03-26,2026-05-01,Won,Won,Medium,63278.0,Inbound,"NA Sales",
924,138,2025-07-18,,,,Lead,Open,Small,13242.0,Inbound,"APAC Sales",
925,155,2026-03-27,,,,Lead,Open,Small,13980.0,Outbound,"EMEA Sales",
926,172,2025-08-11,,,,Lead,Open,Small,14718.0,Inbound,"NA Sales",
927,189,2026-04-20,2026-05-01,2026-05-29,2026-07-04,Lost,Lost,Medium,67742.0,Inbound,"LATAM Sales",Budget
928,206,2025-09-04,2025-09-13,,,Qualified,Open,Large,198114.0,Outbound,"APAC Sales",
929,223,2025-01-19,,,,Lead,Open,Medium,69974.0,Outbound,"EMEA Sales",
930,240,2025-09-28,2025-10-08,,,Qualified,Open,Medium,71090.0,Outbound,"NA Sales",
931,17,2025-10-10,,,,Lead,Open,Small,28968.0,Inbound,"EMEA Sales",
932,34,2025-02-24,2025-03-10,2025-03-18,2025-05-06,Won,Won,Large,187986.0,Outbound,"NA Sales",
933,51,2025-11-03,2025-11-11,2025-11-25,2025-12-31,Won,Won,Small,12444.0,Inbound,"NA Sales",
934,68,2025-03-20,2025-03-30,2025-04-11,2025-05-26,Won,Won,Small,13182.0,Outbound,"APAC Sales",
935,85,2025-11-27,2025-12-01,,,Qualified,Open,Small,13920.0,Outbound,"EMEA Sales",
936,102,2025-04-13,,,,Lead,Open,Small,14658.0,Partner,"NA Sales",
937,119,2025-12-21,,,,Lead,Open,Medium,67622.0,Outbound,"APAC Sales",
938,136,2025-05-07,2025-05-16,,,Qualified,Open,Medium,68738.0,Outbound,"EMEA Sales",
939,153,2026-01-14,2026-01-22,2026-02-05,2026-03-13,Lost,Lost,Small,16872.0,Inbound,"NA Sales",Budget
940,170,2025-05-31,2025-06-15,2025-06-23,2025-08-11,Won,Won,Medium,70970.0,Outbound,"LATAM Sales",
941,187,2026-02-07,2026-02-09,2026-03-03,2026-04-21,Lost,Lost,Medium,72086.0,Event,"APAC Sales",Budget
942,204,2025-06-24,2025-07-05,2025-07-19,,Proposal,Open,Small,19086.0,Inbound,"EMEA Sales",
943,221,2026-03-03,2026-03-17,,,Qualified,Open,Large,206994.0,Inbound,"NA Sales",
944,238,2025-07-18,,,,Lead,Open,Large,208722.0,Inbound,"APAC Sales",
945,15,2025-07-30,2025-08-12,,,Qualified,Open,Medium,65270.0,Event,"NA Sales",
946,32,2026-04-08,2026-04-21,2026-05-05,2026-06-10,Won,Won,Small,14598.0,Outbound,"NA Sales",
947,49,2025-08-23,2025-08-27,,,Qualified,Open,Medium,67502.0,Inbound,"APAC Sales",
948,66,2025-01-07,,,,Lead,Open,Medium,68618.0,Outbound,"EMEA Sales",
949,83,2025-09-16,,,,Lead,Open,Medium,69734.0,Partner,"NA Sales",
950,100,2025-01-31,2025-02-14,2025-02-22,2025-04-12,Lost,Lost,Medium,70850.0,Event,"APAC Sales",Competitor
951,117,2025-10-10,,,,Lead,Open,Small,18288.0,Event,"EMEA Sales",
952,134,2025-02-24,2025-03-10,2025-03-22,2025-05-06,Lost,Lost,Large,205506.0,Partner,"NA Sales",Competitor
953,151,2025-11-03,2025-11-16,2025-11-22,2026-01-19,Lost,Lost,Large,207234.0,Outbound,"NA Sales",Budget
954,168,2025-03-20,2025-03-23,,,Qualified,Open,Medium,75314.0,Inbound,"APAC Sales",
955,185,2025-11-27,2025-12-01,2025-12-21,2026-01-13,Won,Won,Small,21240.0,Outbound,"EMEA Sales",
956,202,2025-04-13,2025-04-21,2025-05-07,,Proposal,Open,Medium,77546.0,Partner,"NA Sales",
957,219,2025-12-21,2026-01-01,2026-01-29,2026-03-06,Lost,Lost,Medium,78662.0,Event,"APAC Sales",Budget
958,236,2025-05-07,2025-05-13,,,Qualified,Open,Small,23454.0,Event,"EMEA Sales",
959,13,2025-05-19,2025-05-29,,,Qualified,Open,Small,16752.0,Partner,"NA Sales",
960,30,2026-01-26,,,,Lead,Open,Medium,70730.0,Outbound,"APAC Sales",
961,47,2025-06-12,2025-06-25,,,Qualified,Open,Small,18228.0,Inbound,"EMEA Sales",
962,64,2026-02-19,2026-03-03,2026-03-23,2026-04-15,Won,Won,Medium,72962.0,Partner,"NA Sales",
963,81,2025-07-06,2025-07-12,2025-08-01,2025-08-24,Lost,Lost,Large,207474.0,Inbound,"LATAM Sales",Budget
964,98,2026-03-15,2026-03-20,,,Qualified,Open,Small,20442.0,Inbound,"EMEA Sales",
965,115,2025-07-30,2025-08-12,2025-08-20,2025-10-08,Lost,Lost,Medium,76310.0,Inbound,"NA Sales",Budget
966,132,2026-04-08,,,,Lead,Open,Small,21918.0,Inbound,"NA Sales",
967,149,2025-08-23,2025-09-05,2025-09-11,2025-11-08,Lost,Lost,Small,22656.0,Inbound,"APAC Sales",Budget
968,166,2025-01-07,2025-01-10,2025-01-30,2025-02-22,Lost,Lost,Small,23394.0,Partner,"EMEA Sales",Competitor
969,183,2025-09-16,2025-09-18,2025-10-04,,Proposal,Open,Medium,35774.0,Inbound,"NA Sales",
970,200,2025-01-31,2025-02-08,2025-02-22,2025-03-30,Won,Won,Small,24870.0,Outbound,"APAC Sales",
971,217,2025-10-10,,,,Lead,Open,Medium,38006.0,Partner,"EMEA Sales",
972,234,2025-02-24,,,,Lead,Open,Large,93026.0,Event,"NA Sales",
973,11,2025-03-08,2025-03-13,2025-04-12,2025-05-09,Won,Won,Medium,73958.0,Partner,"APAC Sales",
974,28,2025-11-15,2025-11-17,,,Qualified,Open,Large,209442.0,Outbound,"EMEA Sales",
975,45,2025-04-01,2025-04-06,2025-05-06,2025-06-02,Lost,Lost,Medium,76190.0,Inbound,"NA Sales",Budget
976,62,2025-12-09,,,,Lead,Open,Small,21858.0,Event,"LATAM Sales",
977,79,2025-04-25,2025-05-05,,,Qualified,Open,Medium,78422.0,Inbound,"APAC Sales",
978,96,2026-01-02,2026-01-11,2026-02-02,2026-02-16,Won,Won,Large,216354.0,Outbound,"EMEA Sales",
979,113,2025-05-19,2025-05-21,2025-06-24,2025-07-17,Lost,Lost,Small,24072.0,Partner,"NA Sales",Budget
980,130,2026-01-26,2026-01-30,2026-02-27,2026-04-04,Won,Won,Medium,36770.0,Partner,"APAC Sales",
981,147,2025-06-12,,,,Lead,Open,Medium,37886.0,Outbound,"EMEA Sales",
982,164,2026-02-19,2026-02-23,2026-03-15,2026-04-07,Won,Won,Medium,39002.0,Inbound,"NA Sales",
983,181,2025-07-06,2025-07-20,2025-08-05,2025-09-01,Won,Won,Small,27024.0,Event,"LATAM Sales",
984,198,2026-03-15,2026-03-21,2026-04-10,2026-05-03,Lost,Lost,Medium,41234.0,Outbound,"EMEA Sales",Competitor
985,215,2025-07-30,2025-08-03,2025-08-31,2025-10-06,Lost,Lost,Medium,42350.0,Partner,"NA Sales",Budget
986,232,2026-04-08,2026-04-21,2026-04-27,2026-06-24,Won,Won,Medium,43466.0,Event,"NA Sales",
987,9,2026-04-20,2026-05-04,2026-05-24,2026-06-16,Won,Won,Small,22536.0,Partner,"EMEA Sales",
988,26,2025-09-04,2025-09-13,2025-10-05,,Proposal,Open,Medium,79418.0,Partner,"NA Sales",
989,43,2025-01-19,,,,Lead,Open,Small,24012.0,Outbound,"LATAM Sales",
990,60,2025-09-28,2025-10-04,2025-10-20,2025-11-16,Lost,Lost,Large,90050.0,Inbound,"APAC Sales",Competitor
991,77,2025-02-12,2025-02-23,2025-03-03,2025-04-21,Lost,Lost,Large,91778.0,Outbound,"EMEA Sales",Budget
992,94,2025-10-22,2025-11-01,2025-11-29,2026-01-04,Lost,Lost,Small,26226.0,Inbound,"NA Sales",Competitor
993,111,2025-03-08,2025-03-12,,,Qualified,Open,Medium,39998.0,Inbound,"APAC Sales",
994,128,2025-11-15,2025-11-18,2025-12-18,2026-01-14,Lost,Lost,Medium,41114.0,Inbound,"EMEA Sales",Competitor
995,145,2025-04-01,2025-04-14,2025-04-22,2025-06-10,Won,Won,Small,28440.0,Inbound,"NA Sales",
996,162,2025-12-09,,,,Lead,Open,Medium,43346.0,Inbound,"LATAM Sales",
997,179,2025-04-25,2025-05-05,2025-05-21,2025-06-17,Won,Won,Large,102146.0,Partner,"APAC Sales",
998,196,2026-01-02,,,,Lead,Open,Small,12654.0,Inbound,"EMEA Sales",
999,213,2025-05-19,,,,Lead,Open,Small,13392.0,Partner,"NA Sales",
1000,230,2026-01-26,2026-01-30,,,Qualified,Open,Large,107330.0,Event,"APAC Sales",
